AgeRange,Education,Rel_Status,Income,Minorhome,TotalSpend
50+,Graduation,Single,58138.0,0,1617
50+,Graduation,Single,46344.0,2,27
35-50,Graduation,Coupled,71613.0,0,776
<35,Graduation,Coupled,26646.0,1,53
<35,PhD,Coupled,58293.0,1,422
35-50,Master,Coupled,62513.0,1,716
35-50,Graduation,Single,55635.0,1,590
<35,PhD,Coupled,33454.0,1,169
35-50,PhD,Coupled,30351.0,1,46
50+,PhD,Coupled,5648.0,2,49
35-50,Basic,Coupled,7500.0,0,61
50+,Graduation,Single,63033.0,0,1102
50+,Master,Single,59354.0,2,310
<35,Graduation,Coupled,17323.0,0,46
50+,PhD,Single,82800.0,0,1315
<35,Graduation,Coupled,41850.0,2,96
50+,Graduation,Coupled,37760.0,0,317
50+,Master,Coupled,76995.0,1,1782
<35,2n Cycle,Single,33812.0,1,133
<35,Graduation,Coupled,37040.0,0,316
<35,Graduation,Coupled,2447.0,1,1730
50+,PhD,Coupled,58607.0,1,972
50+,PhD,Coupled,65324.0,1,544
50+,Graduation,Coupled,40689.0,1,444
35-50,Graduation,Single,18589.0,0,75
35-50,Graduation,Coupled,53359.0,2,257
<35,Graduation,Coupled,38360.0,1,131
35-50,PhD,Coupled,84618.0,0,1672
<35,Master,Single,10979.0,0,30
35-50,Master,Coupled,38620.0,0,318
35-50,Graduation,Coupled,40548.0,1,120
50+,PhD,Single,46610.0,2,302
50+,Master,Coupled,68657.0,0,1196
50+,Master,Single,49389.0,2,65
35-50,PhD,Coupled,67353.0,1,913
35-50,2n Cycle,Coupled,23718.0,1,81
35-50,Graduation,Single,42429.0,1,67
50+,PhD,Single,48948.0,0,902
<35,Graduation,Coupled,80011.0,1,1395
<35,Master,Coupled,20559.0,1,53
50+,Graduation,Coupled,21994.0,1,22
35-50,Master,Coupled,7500.0,1,31
35-50,Graduation,Single,79941.0,0,984
<35,2n Cycle,Coupled,7500.0,0,122
35-50,Graduation,Coupled,41728.0,1,55
50+,PhD,Coupled,72550.0,2,1319
50+,Graduation,Single,65486.0,1,507
35-50,Master,Coupled,79143.0,0,1693
35-50,Graduation,Single,35790.0,1,72
35-50,Graduation,Single,82582.0,0,1617
<35,Graduation,Coupled,66373.0,2,606
50+,Master,Coupled,82384.0,0,1957
35-50,Graduation,Single,70287.0,0,1093
<35,Graduation,Single,27938.0,1,29
35-50,PhD,Coupled,55954.0,1,518
<35,Master,Single,75777.0,0,1438
35-50,Graduation,Coupled,66653.0,2,612
50+,Graduation,Single,61823.0,1,884
50+,PhD,Single,67680.0,1,606
50+,Graduation,Coupled,70666.0,0,1076
35-50,Graduation,Coupled,25721.0,1,34
35-50,Graduation,Coupled,32474.0,2,11
<35,2n Cycle,Single,88194.0,1,1274
50+,Graduation,Coupled,69096.0,1,653
35-50,Graduation,Coupled,74854.0,3,1562
50+,Master,Coupled,66991.0,0,1253
50+,Graduation,Coupled,65031.0,1,863
35-50,PhD,Coupled,60631.0,2,661
50+,Graduation,Coupled,28332.0,0,65
<35,Graduation,Single,40246.0,1,13
35-50,Master,Coupled,75251.0,0,1890
35-50,Graduation,Single,75825.0,0,2209
35-50,2n Cycle,Coupled,26326.0,0,18
35-50,Graduation,Coupled,56046.0,0,692
<35,Graduation,Single,29760.0,1,165
35-50,Graduation,Coupled,26304.0,1,16
35-50,2n Cycle,Coupled,23559.0,1,79
35-50,Master,Coupled,38620.0,0,318
<35,Graduation,Single,81361.0,0,778
50+,Graduation,Coupled,29440.0,2,56
35-50,Master,Coupled,36138.0,2,151
50+,Graduation,Single,50388.0,1,372
35-50,Graduation,Coupled,79593.0,0,1366
35-50,Graduation,Coupled,54178.0,1,194
35-50,Master,Single,42394.0,1,32
35-50,PhD,Coupled,23626.0,1,43
<35,Graduation,Coupled,30096.0,1,45
50+,Graduation,Single,47916.0,1,606
35-50,Graduation,Single,51813.0,2,63
50+,2n Cycle,Coupled,78497.0,0,978
<35,PhD,Coupled,50150.0,0,410
50+,2n Cycle,Single,47823.0,1,72
50+,PhD,Single,34554.0,1,55
<35,Graduation,Coupled,85693.0,1,1169
50+,PhD,Coupled,65846.0,0,1120
50+,Graduation,Coupled,87195.0,0,1097
<35,Basic,Coupled,24594.0,1,29
35-50,Graduation,Coupled,49096.0,2,187
35-50,Graduation,Coupled,52413.0,2,910
<35,Graduation,Single,38557.0,1,145
50+,Master,Coupled,89058.0,0,850
<35,Graduation,Coupled,77298.0,1,969
<35,PhD,Single,68126.0,0,1820
50+,Master,Coupled,57288.0,1,608
<35,Graduation,Single,86037.0,0,730
<35,PhD,Coupled,43974.0,1,551
50+,Graduation,Single,50785.0,2,114
35-50,Graduation,Coupled,90765.0,0,1724
<35,2n Cycle,Coupled,36550.0,1,577
35-50,2n Cycle,Coupled,30753.0,2,81
35-50,Graduation,Coupled,21918.0,1,33
50+,Master,Coupled,56129.0,1,660
35-50,Master,Single,32557.0,1,80
<35,Master,Coupled,19510.0,2,30
35-50,Graduation,Single,30992.0,1,43
<35,Graduation,Single,101970.0,0,1135
35-50,2n Cycle,Coupled,71488.0,0,559
<35,Graduation,Single,79607.0,0,1923
50+,Master,Coupled,54348.0,2,90
50+,PhD,Coupled,77376.0,2,661
50+,Graduation,Coupled,62998.0,1,463
50+,Master,Single,61331.0,2,632
35-50,Graduation,Coupled,73448.0,0,725
35-50,PhD,Coupled,41551.0,2,279
35-50,PhD,Coupled,62981.0,0,1482
35-50,Basic,Single,9548.0,1,29
50+,PhD,Coupled,33762.0,3,106
35-50,PhD,Single,35860.0,2,49
35-50,PhD,Single,36921.0,2,38
<35,Master,Single,92859.0,0,2077
35-50,Master,Coupled,65104.0,1,1053
50+,Graduation,Coupled,86111.0,0,1385
35-50,PhD,Single,68352.0,1,871
<35,Graduation,Coupled,41883.0,1,312
35-50,Graduation,Coupled,59809.0,2,877
35-50,Graduation,Coupled,23957.0,1,68
<35,Graduation,Coupled,38547.0,1,22
35-50,2n Cycle,Coupled,35688.0,3,211
35-50,Master,Coupled,49605.0,0,127
50+,Master,Coupled,59354.0,2,459
35-50,Graduation,Coupled,65747.0,1,460
35-50,2n Cycle,Coupled,46344.0,1,429
<35,Graduation,Single,34176.0,1,89
50+,PhD,Coupled,61010.0,1,1021
50+,Graduation,Coupled,69372.0,0,1381
50+,Graduation,Single,49967.0,1,306
<35,Graduation,Single,60199.0,3,18
35-50,Graduation,Coupled,55375.0,1,162
50+,Graduation,Single,80317.0,0,1231
50+,Master,Single,30523.0,3,13
50+,PhD,Coupled,70356.0,0,1706
<35,Graduation,Coupled,23228.0,1,121
35-50,PhD,Single,74165.0,0,1293
35-50,PhD,Coupled,157243.0,1,1608
35-50,Graduation,Coupled,43482.0,3,88
50+,Graduation,Single,62551.0,0,421
50+,Graduation,Single,52332.0,0,259
<35,Graduation,Single,66951.0,0,1117
50+,Graduation,Coupled,26091.0,2,89
35-50,Graduation,Coupled,33456.0,2,36
<35,Graduation,Coupled,28718.0,1,57
35-50,Graduation,Coupled,50447.0,2,148
50+,PhD,Coupled,53537.0,2,93
35-50,Graduation,Single,52074.0,1,119
35-50,PhD,Coupled,80427.0,1,1835
50+,PhD,Coupled,83837.0,0,1318
35-50,PhD,Coupled,38853.0,2,45
50+,Graduation,Coupled,38285.0,3,10
50+,2n Cycle,Coupled,78497.0,0,978
35-50,PhD,Coupled,51650.0,1,191
<35,2n Cycle,Coupled,16248.0,1,57
50+,Master,Coupled,66835.0,0,1033
<35,Master,Coupled,30477.0,1,66
50+,Basic,Coupled,28249.0,0,43
<35,Graduation,Coupled,25271.0,1,50
35-50,PhD,Single,32303.0,1,39
35-50,Graduation,Coupled,61286.0,1,608
35-50,Graduation,Coupled,74068.0,0,1581
35-50,PhD,Coupled,45759.0,2,68
<35,Basic,Coupled,24882.0,1,80
<35,PhD,Coupled,66973.0,0,1282
<35,Graduation,Coupled,38872.0,1,91
35-50,Graduation,Coupled,51148.0,2,315
35-50,Graduation,Coupled,31353.0,2,31
<35,Master,Coupled,69661.0,0,834
50+,Graduation,Coupled,80067.0,0,1600
50+,Graduation,Coupled,86718.0,0,1270
35-50,PhD,Single,46854.0,2,263
50+,Graduation,Single,69142.0,1,535
35-50,Graduation,Single,75922.0,0,1295
<35,Graduation,Single,63693.0,1,1150
<35,PhD,Coupled,102160.0,0,1240
35-50,PhD,Single,40637.0,2,38
<35,Master,Single,18890.0,0,35
<35,Graduation,Coupled,29604.0,1,53
35-50,Master,Single,48721.0,2,293
35-50,Graduation,Coupled,44794.0,1,65
50+,Graduation,Single,64497.0,1,1804
50+,Graduation,Coupled,46097.0,1,241
50+,Graduation,Coupled,77972.0,0,1101
35-50,PhD,Coupled,44377.0,2,264
35-50,Master,Coupled,46014.0,2,541
<35,Graduation,Coupled,70951.0,0,1198
35-50,Graduation,Coupled,41443.0,1,482
35-50,2n Cycle,Single,52195.0,3,17
50+,Master,Coupled,83790.0,0,1615
50+,Master,Single,44551.0,1,285
<35,Graduation,Coupled,69508.0,1,1135
<35,2n Cycle,Coupled,45204.0,1,114
35-50,Graduation,Coupled,72460.0,0,1047
35-50,PhD,Coupled,77622.0,2,714
<35,PhD,Coupled,30732.0,1,185
35-50,Graduation,Single,63887.0,1,1245
<35,Graduation,Coupled,42011.0,1,189
35-50,Graduation,Coupled,51369.0,1,576
50+,Graduation,Single,51537.0,1,1103
35-50,PhD,Coupled,79930.0,0,1753
<35,PhD,Coupled,34320.0,1,17
35-50,Graduation,Single,37070.0,2,433
50+,2n Cycle,Single,81975.0,1,1588
35-50,Graduation,Coupled,38590.0,1,22
50+,Graduation,Single,15033.0,0,19
35-50,PhD,Coupled,62745.0,1,1117
35-50,2n Cycle,Coupled,22212.0,1,69
<35,Master,Coupled,23661.0,1,23
50+,PhD,Single,79761.0,1,605
35-50,Graduation,Single,7500.0,1,57
35-50,Graduation,Single,73455.0,0,2088
50+,Graduation,Coupled,64961.0,1,1009
35-50,Graduation,Single,22804.0,1,26
<35,Graduation,Coupled,73687.0,0,1627
50+,Graduation,Coupled,61074.0,1,1102
35-50,PhD,Coupled,31686.0,2,17
35-50,Graduation,Coupled,80134.0,1,1690
50+,Graduation,Coupled,75027.0,1,1390
<35,PhD,Coupled,67546.0,0,2126
35-50,Master,Coupled,65176.0,1,1531
35-50,Master,Single,31160.0,1,64
<35,Graduation,Single,29938.0,1,26
35-50,Graduation,Single,102692.0,0,1112
50+,2n Cycle,Coupled,26490.0,0,210
35-50,Graduation,Coupled,75702.0,2,1148
35-50,PhD,Single,30899.0,1,33
50+,PhD,Coupled,63342.0,1,1101
35-50,Graduation,Single,45989.0,1,322
35-50,Graduation,Single,18701.0,2,44
50+,PhD,Single,40737.0,3,17
<35,Graduation,Single,15287.0,1,31
35-50,PhD,Single,69674.0,2,845
35-50,Master,Coupled,44159.0,1,275
<35,PhD,Coupled,37717.0,1,25
50+,Master,Coupled,43776.0,2,275
35-50,Master,Coupled,38179.0,2,90
50+,Graduation,Coupled,80124.0,0,1495
35-50,PhD,Coupled,38097.0,2,184
35-50,Graduation,Coupled,72940.0,0,981
35-50,Graduation,Coupled,22070.0,1,67
50+,Graduation,Single,69267.0,0,1635
<35,Master,Single,31788.0,1,60
35-50,PhD,Coupled,61905.0,1,231
50+,Graduation,Coupled,29315.0,2,48
35-50,Graduation,Single,33378.0,2,99
35-50,PhD,Coupled,66313.0,1,770
50+,Graduation,Single,60714.0,0,957
<35,Master,Coupled,77882.0,0,818
<35,PhD,Single,69867.0,0,925
35-50,Master,Single,63841.0,1,908
<35,Basic,Coupled,24480.0,1,102
35-50,Graduation,Coupled,51369.0,1,576
50+,Graduation,Coupled,37760.0,0,317
35-50,PhD,Coupled,65640.0,1,461
35-50,Master,Coupled,44319.0,2,37
35-50,Graduation,Coupled,30631.0,1,70
50+,Graduation,Coupled,75278.0,0,930
50+,Master,Coupled,50898.0,2,859
35-50,Graduation,Single,79946.0,0,1478
50+,Master,Single,35416.0,0,390
<35,2n Cycle,Coupled,32414.0,0,52
35-50,Graduation,Coupled,38361.0,1,137
<35,Graduation,Coupled,82497.0,0,1919
35-50,Graduation,Coupled,16626.0,2,68
35-50,Graduation,Coupled,29672.0,2,25
50+,Master,Coupled,55951.0,1,1374
<35,2n Cycle,Single,35388.0,1,32
<35,Master,Coupled,42386.0,1,100
<35,Graduation,Single,68627.0,0,825
35-50,PhD,Single,57912.0,1,916
50+,Graduation,Single,35246.0,2,62
50+,2n Cycle,Coupled,58821.0,1,728
35-50,PhD,Coupled,46377.0,1,90
<35,Graduation,Single,39747.0,1,273
<35,Graduation,Coupled,23976.0,1,66
50+,Master,Coupled,80950.0,0,1213
35-50,Graduation,Single,27038.0,0,107
50+,Graduation,Single,77457.0,0,1157
35-50,Master,Coupled,64100.0,1,546
<35,Master,Coupled,42670.0,0,241
35-50,Graduation,Single,12571.0,1,53
35-50,Graduation,Coupled,22574.0,3,37
35-50,Master,Single,70893.0,0,1508
35-50,Graduation,Coupled,54198.0,2,235
50+,Master,Coupled,28839.0,2,32
35-50,Graduation,Coupled,40321.0,2,102
<35,Graduation,Single,66503.0,1,401
50+,Graduation,Coupled,30833.0,2,28
35-50,Graduation,Coupled,64795.0,1,680
35-50,Graduation,Coupled,34421.0,1,30
35-50,PhD,Single,47025.0,2,20
50+,PhD,Single,64325.0,1,1307
50+,Graduation,Single,40464.0,1,630
50+,Graduation,Coupled,62187.0,0,1283
35-50,PhD,Single,14849.0,1,65
<35,Graduation,Coupled,27255.0,1,37
50+,PhD,Coupled,54432.0,3,38
<35,PhD,Single,29999.0,1,160
<35,Graduation,Single,24072.0,1,23
<35,PhD,Single,33996.0,0,71
50+,PhD,Coupled,66334.0,1,1161
35-50,Master,Coupled,35178.0,1,59
<35,Graduation,Coupled,22010.0,1,33
50+,Graduation,Single,62204.0,2,946
35-50,Graduation,Single,75693.0,0,1442
35-50,Graduation,Coupled,30675.0,1,62
35-50,Graduation,Coupled,83003.0,0,1674
<35,Graduation,Single,68655.0,0,1538
<35,Graduation,Single,41411.0,0,139
35-50,PhD,Coupled,55212.0,1,1182
50+,PhD,Coupled,59292.0,1,507
35-50,Basic,Coupled,27190.0,1,18
50+,Graduation,Single,82623.0,0,940
35-50,Graduation,Coupled,44300.0,2,42
35-50,Graduation,Single,84835.0,0,1190
35-50,Graduation,Single,30372.0,2,44
35-50,Master,Coupled,33181.0,1,16
50+,Graduation,Coupled,71113.0,1,835
<35,Graduation,Coupled,71952.0,1,1443
35-50,PhD,Single,69759.0,0,1029
35-50,Graduation,Coupled,72099.0,0,1188
35-50,PhD,Single,60000.0,1,1277
<35,Graduation,Single,38643.0,2,49
50+,Graduation,Coupled,50737.0,1,99
35-50,PhD,Coupled,68462.0,0,1670
50+,Master,Coupled,65073.0,0,900
50+,PhD,Coupled,46681.0,2,425
50+,Graduation,Coupled,78618.0,0,2153
35-50,PhD,Single,62187.0,1,636
35-50,Graduation,Coupled,28442.0,2,57
<35,PhD,Coupled,37717.0,1,25
35-50,Graduation,Coupled,51479.0,2,494
35-50,Graduation,Single,54803.0,1,693
50+,Graduation,Coupled,79530.0,0,1348
35-50,Graduation,Single,31615.0,1,51
35-50,Graduation,Coupled,72025.0,0,1932
35-50,PhD,Single,52614.0,1,990
<35,2n Cycle,Coupled,35684.0,1,30
35-50,Graduation,Coupled,48178.0,2,254
35-50,Master,Single,29548.0,1,29
35-50,Graduation,Single,63810.0,1,1371
35-50,PhD,Single,38578.0,2,73
35-50,Master,Single,46098.0,2,120
35-50,Graduation,Single,22585.0,0,81
<35,Graduation,Single,30279.0,1,37
50+,PhD,Coupled,66426.0,1,1377
35-50,Graduation,Single,30822.0,1,51
35-50,PhD,Coupled,33581.0,2,17
<35,Graduation,Coupled,19986.0,1,22
50+,Graduation,Single,27421.0,0,324
35-50,2n Cycle,Coupled,35688.0,3,211
<35,Master,Single,36143.0,1,19
35-50,Graduation,Single,10245.0,1,41
35-50,Master,Coupled,43795.0,1,492
50+,Graduation,Coupled,63381.0,1,1005
50+,Graduation,Coupled,38823.0,1,114
35-50,PhD,Single,83664.0,2,1173
<35,Graduation,Coupled,90300.0,0,1738
<35,Master,Coupled,62499.0,1,222
<35,Graduation,Single,74293.0,0,1127
50+,PhD,Coupled,51012.0,0,209
35-50,Master,Coupled,70777.0,1,787
<35,PhD,Coupled,68682.0,0,1598
35-50,Graduation,Coupled,43824.0,2,186
<35,Graduation,Coupled,15345.0,1,47
<35,Graduation,Single,23442.0,1,27
<35,2n Cycle,Coupled,14515.0,1,96
50+,2n Cycle,Single,31395.0,2,64
35-50,Graduation,Coupled,75276.0,0,1040
35-50,Graduation,Single,42373.0,2,163
50+,Graduation,Coupled,30507.0,0,343
50+,PhD,Single,55521.0,3,446
35-50,Graduation,Coupled,48006.0,2,41
35-50,PhD,Single,27213.0,1,70
35-50,PhD,Single,65808.0,2,272
35-50,PhD,Coupled,30351.0,1,46
35-50,Graduation,Coupled,50437.0,2,490
<35,2n Cycle,Single,23616.0,1,79
35-50,Graduation,Coupled,53858.0,1,915
50+,PhD,Coupled,66465.0,1,1485
<35,Graduation,Single,46923.0,1,369
50+,Graduation,Coupled,75072.0,1,1073
50+,PhD,Coupled,75865.0,0,1242
35-50,2n Cycle,Coupled,19789.0,1,78
<35,Graduation,Coupled,80134.0,0,1378
<35,Graduation,Single,91065.0,0,1474
35-50,Master,Coupled,49505.0,2,751
35-50,PhD,Coupled,37401.0,1,48
<35,Graduation,Coupled,30096.0,1,45
<35,Master,Coupled,18492.0,1,10
35-50,Master,Coupled,82584.0,0,1435
50+,PhD,Coupled,93027.0,0,2119
50+,Graduation,Coupled,48686.0,3,20
<35,Graduation,Coupled,92910.0,0,1795
<35,Graduation,Coupled,75433.0,1,1188
<35,2n Cycle,Coupled,10404.0,1,43
35-50,Graduation,Coupled,61314.0,1,1008
50+,PhD,Single,84865.0,0,1688
<35,Graduation,Coupled,42387.0,1,684
35-50,2n Cycle,Coupled,67309.0,2,1082
35-50,Graduation,Coupled,75236.0,1,1068
35-50,Graduation,Single,30015.0,1,57
50+,Master,Coupled,50943.0,1,46
35-50,Graduation,Single,67272.0,1,733
50+,Master,Single,51529.0,1,467
35-50,PhD,Coupled,32011.0,1,122
<35,2n Cycle,Coupled,7500.0,1,36
<35,Graduation,Coupled,28691.0,1,34
50+,PhD,Coupled,56223.0,1,156
50+,Graduation,Coupled,18100.0,0,14
<35,Graduation,Single,30279.0,1,37
35-50,2n Cycle,Coupled,20130.0,0,34
50+,Graduation,Single,23295.0,0,20
35-50,Master,Single,42618.0,1,192
35-50,Graduation,Single,81246.0,0,1379
35-50,Graduation,Coupled,24027.0,1,48
50+,PhD,Coupled,55707.0,1,428
50+,Graduation,Single,57959.0,1,868
35-50,Graduation,Coupled,56796.0,1,1001
35-50,Master,Single,36230.0,1,59
<35,2n Cycle,Coupled,70829.0,2,431
35-50,Graduation,Coupled,65991.0,1,971
35-50,Graduation,Coupled,38988.0,3,348
35-50,2n Cycle,Single,89572.0,0,2059
<35,Master,Coupled,42207.0,1,265
50+,Graduation,Coupled,50300.0,1,270
<35,2n Cycle,Coupled,66664.0,0,1289
35-50,Graduation,Coupled,60597.0,1,893
50+,Graduation,Single,70165.0,0,926
50+,PhD,Single,50520.0,1,135
50+,Graduation,Coupled,80124.0,0,1495
35-50,Graduation,Coupled,33183.0,1,120
35-50,PhD,Single,66582.0,0,1288
50+,PhD,Coupled,75261.0,0,1743
35-50,Graduation,Single,31880.0,1,15
50+,Graduation,Coupled,53790.0,2,542
35-50,PhD,Coupled,49269.0,1,890
35-50,Graduation,Coupled,61456.0,1,1388
<35,Graduation,Coupled,37406.0,1,17
<35,PhD,Coupled,56937.0,1,906
<35,Graduation,Coupled,38415.0,2,44
<35,Graduation,Single,20518.0,1,25
50+,Graduation,Coupled,62503.0,1,973
35-50,PhD,Single,41644.0,2,31
35-50,Master,Coupled,55842.0,1,518
35-50,PhD,Coupled,62010.0,1,530
<35,Graduation,Coupled,41124.0,1,506
35-50,Master,Coupled,38961.0,1,70
35-50,Master,Single,37760.0,1,54
35-50,Graduation,Single,32233.0,1,296
35-50,Graduation,Coupled,43057.0,1,266
50+,Master,Coupled,83151.0,0,747
35-50,PhD,Single,78825.0,0,895
35-50,Master,Coupled,65104.0,1,1053
35-50,Graduation,Coupled,60093.0,1,735
35-50,Graduation,Coupled,14045.0,1,20
50+,2n Cycle,Single,28457.0,0,205
50+,PhD,Coupled,78952.0,1,2092
35-50,Graduation,Single,46310.0,1,309
50+,Graduation,Coupled,76005.0,0,1722
35-50,Master,Single,58308.0,1,900
50+,PhD,Single,55614.0,0,682
50+,Master,Single,59432.0,1,663
35-50,Graduation,Single,55563.0,1,43
35-50,PhD,Coupled,78642.0,1,1816
50+,PhD,Coupled,67911.0,1,976
50+,Graduation,Coupled,65275.0,0,746
50+,Graduation,Coupled,27203.0,2,64
50+,Master,Coupled,48330.0,1,32
<35,Basic,Coupled,24279.0,0,263
<35,PhD,Coupled,64355.0,1,1445
50+,Master,Coupled,50943.0,1,46
50+,Graduation,Single,53653.0,0,1210
35-50,Graduation,Coupled,65665.0,1,945
<35,Graduation,Single,81217.0,0,1157
<35,Graduation,Coupled,34935.0,0,137
50+,Graduation,Single,61250.0,1,730
<35,PhD,Coupled,39665.0,1,216
<35,Graduation,Single,60152.0,1,943
35-50,Graduation,Coupled,48920.0,2,347
50+,Master,Coupled,89120.0,0,1924
50+,PhD,Coupled,44124.0,1,397
35-50,Master,Single,81169.0,0,2089
50+,Graduation,Coupled,36443.0,2,138
<35,Graduation,Single,26095.0,1,42
50+,Graduation,Coupled,71367.0,0,777
50+,Master,Coupled,80184.0,0,1902
35-50,Graduation,Single,30630.0,2,52
<35,Master,Single,73454.0,0,1651
<35,Graduation,Coupled,42691.0,0,358
50+,Graduation,Coupled,70503.0,0,1727
<35,Graduation,Coupled,25545.0,1,210
<35,Graduation,Coupled,32880.0,1,42
50+,PhD,Coupled,77863.0,0,1291
35-50,Master,Coupled,50353.0,0,442
35-50,Graduation,Single,61839.0,0,1895
50+,PhD,Coupled,49154.0,2,411
35-50,2n Cycle,Single,47682.0,1,521
35-50,Graduation,Single,72679.0,1,1168
35-50,Master,Coupled,57954.0,2,493
50+,Graduation,Coupled,65316.0,2,260
<35,Graduation,Single,28567.0,1,46
50+,Master,Coupled,47352.0,1,319
35-50,Graduation,Coupled,44931.0,1,96
35-50,Graduation,Single,76982.0,0,1062
50+,2n Cycle,Coupled,57247.0,1,232
<35,Master,Single,22944.0,1,76
35-50,2n Cycle,Coupled,25315.0,1,54
35-50,Graduation,Single,43638.0,1,201
<35,PhD,Single,42710.0,1,406
<35,PhD,Coupled,84169.0,0,1919
35-50,Graduation,Coupled,54058.0,1,662
<35,2n Cycle,Coupled,24683.0,1,41
35-50,Graduation,Single,85620.0,0,1600
<35,Graduation,Coupled,47850.0,1,134
35-50,Graduation,Coupled,19514.0,2,69
35-50,Master,Coupled,27159.0,2,21
50+,2n Cycle,Single,39548.0,2,54
<35,Graduation,Single,21474.0,1,91
35-50,PhD,Single,60504.0,1,526
35-50,Graduation,Coupled,22419.0,0,162
50+,Master,Coupled,81698.0,0,1008
50+,Graduation,Coupled,43462.0,2,240
<35,PhD,Single,54880.0,1,795
<35,Graduation,Coupled,79908.0,0,1772
35-50,2n Cycle,Coupled,15315.0,0,64
50+,Graduation,Coupled,87771.0,1,1957
<35,Graduation,Coupled,33039.0,1,78
<35,Graduation,Single,81741.0,0,1572
35-50,Master,Coupled,71499.0,1,795
35-50,2n Cycle,Coupled,62466.0,1,889
35-50,PhD,Single,48799.0,1,331
50+,PhD,Coupled,52157.0,1,265
35-50,Graduation,Single,66565.0,1,1065
50+,Master,Coupled,29298.0,2,11
<35,Graduation,Single,47691.0,1,21
35-50,Graduation,Coupled,38200.0,2,17
35-50,Graduation,Coupled,44989.0,1,369
35-50,PhD,Coupled,38443.0,2,38
<35,2n Cycle,Single,38593.0,1,177
35-50,PhD,Coupled,64413.0,1,279
<35,Master,Coupled,36959.0,1,62
35-50,PhD,Coupled,61996.0,1,1230
35-50,Graduation,Coupled,51287.0,2,182
35-50,Graduation,Coupled,13260.0,2,49
35-50,PhD,Coupled,47472.0,2,75
50+,Master,Coupled,54603.0,2,227
35-50,PhD,Coupled,45207.0,2,215
50+,Graduation,Coupled,40689.0,1,444
35-50,2n Cycle,Coupled,47821.0,2,47
50+,Master,Coupled,27450.0,0,143
<35,Graduation,Coupled,39453.0,1,55
35-50,2n Cycle,Coupled,26850.0,2,63
50+,Graduation,Single,79800.0,0,1867
50+,Master,Coupled,61794.0,1,611
50+,Graduation,Coupled,53863.0,1,473
50+,Graduation,Coupled,24221.0,0,55
<35,PhD,Single,39684.0,1,81
35-50,Master,Coupled,92163.0,0,2086
35-50,Master,Single,69882.0,0,1478
35-50,Graduation,Coupled,33178.0,1,49
35-50,PhD,Coupled,59973.0,0,382
35-50,Master,Coupled,17459.0,1,69
35-50,Graduation,Single,23910.0,1,67
35-50,Master,Coupled,42169.0,2,30
<35,2n Cycle,Coupled,26224.0,1,63
<35,Graduation,Coupled,31089.0,1,79
50+,Graduation,Single,30081.0,1,42
50+,Graduation,Coupled,62807.0,1,819
50+,Graduation,Single,72906.0,0,1151
50+,PhD,Coupled,61467.0,2,594
35-50,Master,Coupled,49618.0,2,129
<35,Master,Single,21888.0,1,213
35-50,Graduation,Single,42429.0,1,67
50+,Graduation,Single,26150.0,3,28
35-50,Basic,Coupled,30801.0,1,45
35-50,Graduation,Coupled,81168.0,0,1193
35-50,Master,Single,26877.0,0,268
50+,Master,Single,45006.0,0,266
35-50,Basic,Coupled,18978.0,1,37
35-50,Graduation,Coupled,22574.0,3,37
35-50,PhD,Single,48240.0,0,882
35-50,Graduation,Coupled,45837.0,2,373
35-50,Master,Single,35791.0,3,35
35-50,PhD,Coupled,162397.0,2,107
<35,Graduation,Single,54162.0,2,42
50+,Master,Coupled,30522.0,1,326
50+,PhD,Coupled,54456.0,1,404
35-50,Graduation,Single,31632.0,0,95
50+,Graduation,Single,72298.0,0,939
<35,2n Cycle,Single,36975.0,1,33
50+,2n Cycle,Coupled,72635.0,0,981
35-50,Graduation,Coupled,13624.0,1,36
35-50,Graduation,Single,84196.0,1,1237
50+,Graduation,Coupled,70971.0,1,1825
<35,PhD,Single,34487.0,2,103
<35,Graduation,Single,28769.0,1,191
35-50,PhD,Coupled,69084.0,1,1586
50+,PhD,Coupled,65488.0,0,963
35-50,2n Cycle,Coupled,62466.0,1,889
50+,2n Cycle,Single,32218.0,0,93
35-50,Graduation,Single,83917.0,0,1587
50+,Graduation,Single,46102.0,3,16
50+,Graduation,Single,84574.0,0,1375
50+,Graduation,Coupled,56181.0,1,393
50+,Master,Single,63120.0,1,1477
35-50,Graduation,Coupled,73691.0,1,1179
50+,Graduation,Coupled,63381.0,1,1005
50+,PhD,Coupled,76140.0,0,1348
50+,PhD,Single,62859.0,1,1307
35-50,Graduation,Single,45906.0,1,486
50+,Master,Coupled,77632.0,0,2252
35-50,PhD,Coupled,46463.0,2,235
35-50,Graduation,Coupled,105471.0,0,1724
35-50,Master,Single,55282.0,1,235
35-50,Master,Coupled,78710.0,1,1092
50+,Graduation,Coupled,66886.0,1,599
50+,Master,Single,98777.0,0,2008
<35,Graduation,Coupled,29103.0,1,48
35-50,Graduation,Coupled,67445.0,1,1174
50+,PhD,Coupled,50616.0,1,67
50+,Graduation,Single,49431.0,1,365
35-50,Graduation,Single,153924.0,0,6
50+,Graduation,Coupled,61278.0,1,165
50+,2n Cycle,Coupled,26490.0,0,210
50+,PhD,Coupled,73059.0,1,1095
35-50,PhD,Single,46734.0,3,223
35-50,Graduation,Coupled,56253.0,1,597
<35,Graduation,Coupled,19986.0,1,22
35-50,Graduation,Single,58330.0,1,1064
<35,Basic,Coupled,25965.0,0,74
50+,Master,Coupled,14661.0,0,26
50+,Graduation,Coupled,18690.0,0,60
35-50,PhD,Coupled,45068.0,1,20
<35,Basic,Single,21063.0,1,59
35-50,PhD,Coupled,29187.0,1,34
35-50,2n Cycle,Coupled,54690.0,2,198
35-50,PhD,Coupled,59304.0,1,1048
50+,Master,Single,59247.0,2,574
35-50,Graduation,Single,66731.0,1,1029
<35,Graduation,Coupled,77353.0,1,670
35-50,PhD,Single,52614.0,1,990
35-50,Graduation,Coupled,26751.0,2,11
35-50,PhD,Coupled,81300.0,1,1241
<35,Graduation,Single,70337.0,0,576
<35,2n Cycle,Coupled,36145.0,1,172
<35,PhD,Single,65295.0,0,664
35-50,Graduation,Single,68118.0,1,928
35-50,Graduation,Single,68743.0,0,2074
<35,2n Cycle,Coupled,41039.0,0,467
50+,Graduation,Coupled,38946.0,1,257
35-50,Graduation,Coupled,65777.0,0,1146
35-50,PhD,Single,66476.0,1,689
35-50,PhD,Single,86857.0,0,2114
<35,PhD,Coupled,160803.0,0,1717
<35,PhD,Coupled,77845.0,0,1346
35-50,PhD,Coupled,69476.0,0,1044
50+,PhD,Single,50611.0,1,493
35-50,Graduation,Single,61209.0,0,957
50+,Master,Coupled,42315.0,1,270
50+,Basic,Coupled,13084.0,0,29
50+,Master,Single,47570.0,2,121
50+,Master,Coupled,61923.0,2,126
<35,Graduation,Single,34824.0,0,23
50+,PhD,Single,26518.0,2,57
50+,Graduation,Single,45938.0,0,636
50+,Graduation,Coupled,78468.0,0,1004
35-50,Graduation,Single,78901.0,1,734
35-50,Graduation,Coupled,71427.0,2,614
35-50,Graduation,Single,71022.0,1,1453
<35,Master,Single,90247.0,0,1621
35-50,Master,Single,41335.0,1,187
<35,Graduation,Coupled,71952.0,1,1443
35-50,PhD,Single,35682.0,1,57
50+,Graduation,Single,43185.0,1,637
50+,PhD,Coupled,66375.0,1,948
35-50,Master,Coupled,35178.0,1,59
<35,Graduation,Coupled,25252.0,1,18
35-50,Master,Single,55250.0,1,903
35-50,Graduation,Single,33249.0,1,112
50+,Graduation,Coupled,58398.0,0,596
<35,Graduation,Coupled,50272.0,1,233
35-50,PhD,Coupled,76618.0,0,1511
50+,2n Cycle,Single,87305.0,0,1152
<35,Graduation,Coupled,25851.0,1,48
35-50,Graduation,Single,58710.0,1,1185
50+,Graduation,Single,45160.0,2,21
35-50,Master,Coupled,74806.0,1,965
50+,Graduation,Coupled,59111.0,0,869
<35,PhD,Coupled,18988.0,1,16
35-50,Graduation,Coupled,72190.0,0,1947
35-50,Graduation,Coupled,7500.0,1,71
35-50,Graduation,Coupled,44794.0,1,65
50+,Graduation,Coupled,80395.0,0,1380
35-50,Master,Single,75012.0,0,1027
35-50,Master,Coupled,56962.0,3,411
<35,Graduation,Coupled,89891.0,0,836
50+,PhD,Single,35946.0,2,11
50+,PhD,Coupled,53593.0,2,480
<35,Graduation,Coupled,66373.0,2,606
50+,PhD,Single,45072.0,3,284
35-50,Graduation,Single,89694.0,2,1472
50+,Graduation,Coupled,72025.0,0,1677
35-50,Graduation,Coupled,67432.0,1,1335
50+,Master,Coupled,70545.0,1,334
<35,Basic,Coupled,17487.0,1,18
35-50,Graduation,Coupled,62882.0,1,1338
50+,PhD,Single,64108.0,1,1099
50+,Master,Coupled,34941.0,2,97
50+,PhD,Single,48767.0,3,63
<35,2n Cycle,Coupled,38702.0,1,109
35-50,Graduation,Coupled,82224.0,0,902
50+,Graduation,Coupled,83844.0,0,1574
35-50,2n Cycle,Coupled,17003.0,1,38
<35,Graduation,Single,71163.0,0,960
35-50,Graduation,Single,33697.0,1,28
50+,2n Cycle,Coupled,63564.0,0,1215
35-50,PhD,Coupled,83443.0,0,1497
50+,PhD,Coupled,51518.0,1,449
35-50,Graduation,Single,58330.0,1,1064
35-50,Graduation,Coupled,80952.0,0,1757
<35,Graduation,Coupled,75507.0,0,1440
<35,2n Cycle,Coupled,63855.0,0,1006
35-50,PhD,Coupled,62220.0,1,1226
35-50,Graduation,Coupled,58512.0,1,1171
<35,Master,Coupled,40662.0,1,92
50+,PhD,Coupled,38829.0,1,99
<35,2n Cycle,Coupled,35523.0,1,66
35-50,Graduation,Single,79146.0,2,564
<35,Master,Coupled,78285.0,0,1427
<35,PhD,Single,31626.0,1,86
50+,Graduation,Single,75127.0,0,833
50+,Graduation,Coupled,48726.0,1,242
<35,Graduation,Coupled,74985.0,0,1869
<35,Graduation,Coupled,67430.0,0,1364
35-50,2n Cycle,Coupled,46891.0,1,183
50+,Master,Coupled,62058.0,1,450
<35,Graduation,Coupled,72063.0,1,758
50+,PhD,Coupled,78939.0,0,1507
35-50,Graduation,Single,42720.0,2,654
35-50,Graduation,Coupled,33622.0,2,81
50+,PhD,Coupled,6835.0,1,137
50+,Graduation,Coupled,41452.0,2,16
35-50,PhD,Single,40760.0,1,93
50+,PhD,Coupled,74250.0,0,1158
50+,Master,Single,51124.0,2,43
35-50,Graduation,Single,72258.0,1,1525
35-50,PhD,Single,71466.0,0,1230
35-50,Graduation,Coupled,36283.0,2,29
35-50,Graduation,Single,20587.0,1,25
35-50,Graduation,Coupled,30467.0,1,24
35-50,Graduation,Coupled,31590.0,1,38
<35,Basic,Coupled,20425.0,1,57
50+,Master,Coupled,17144.0,2,47
35-50,PhD,Single,42564.0,1,813
35-50,Master,Coupled,43783.0,1,629
35-50,Graduation,Single,40780.0,1,377
50+,Master,Coupled,62847.0,0,1612
50+,PhD,Coupled,82017.0,0,729
50+,Graduation,Single,16813.0,0,50
<35,Graduation,Coupled,51267.0,2,270
50+,Graduation,Single,46524.0,1,177
50+,Master,Single,45183.0,0,315
50+,PhD,Coupled,70421.0,1,767
35-50,2n Cycle,Single,60161.0,1,1071
35-50,Graduation,Coupled,73926.0,0,1580
35-50,Graduation,Coupled,19329.0,1,60
35-50,Master,Coupled,61872.0,1,573
50+,Graduation,Single,46984.0,2,41
50+,Graduation,Coupled,34838.0,2,170
50+,PhD,Single,82716.0,0,1167
50+,Graduation,Coupled,48192.0,0,1526
35-50,Master,Coupled,49681.0,2,458
35-50,Master,Coupled,56850.0,1,63
50+,Graduation,Coupled,55267.0,1,405
35-50,Graduation,Coupled,59666.0,2,1027
35-50,Graduation,Single,72504.0,1,1478
<35,Graduation,Coupled,26872.0,0,72
35-50,Graduation,Single,21359.0,1,48
35-50,Graduation,Single,73170.0,0,726
50+,Master,Coupled,52750.0,1,860
<35,PhD,Coupled,91820.0,0,1497
35-50,PhD,Coupled,65968.0,1,495
35-50,Graduation,Coupled,30772.0,2,20
50+,Graduation,Single,22507.0,0,570
35-50,Graduation,Coupled,65685.0,1,769
<35,2n Cycle,Coupled,25804.0,1,55
<35,PhD,Single,76412.0,0,1808
35-50,Graduation,Coupled,22063.0,1,55
50+,Graduation,Single,57091.0,0,577
35-50,Graduation,Coupled,22419.0,0,162
50+,Graduation,Coupled,87771.0,1,1957
50+,2n Cycle,Single,78353.0,1,1576
50+,Graduation,Coupled,93404.0,3,1616
50+,Graduation,Single,37859.0,3,36
50+,PhD,Single,80995.0,1,1482
<35,Graduation,Coupled,16529.0,1,22
35-50,PhD,Single,55412.0,2,63
<35,Graduation,Single,48789.0,0,680
35-50,PhD,Coupled,56575.0,2,542
<35,2n Cycle,Coupled,25130.0,1,50
35-50,Graduation,Coupled,35441.0,2,39
50+,Graduation,Coupled,71391.0,1,1043
35-50,Master,Single,49494.0,1,385
<35,Graduation,Single,81702.0,0,1633
<35,2n Cycle,Single,45889.0,1,46
35-50,Graduation,Single,56628.0,1,761
50+,Graduation,Coupled,34026.0,2,76
35-50,Graduation,Coupled,40049.0,1,290
<35,Graduation,Single,34176.0,1,89
<35,Graduation,Coupled,19419.0,1,70
50+,2n Cycle,Coupled,82504.0,0,1066
35-50,Graduation,Coupled,81205.0,0,2009
<35,2n Cycle,Single,61618.0,0,1345
50+,Master,Single,55284.0,1,764
35-50,Graduation,Single,49980.0,1,195
<35,Graduation,Coupled,15072.0,2,53
35-50,Graduation,Single,49166.0,1,368
50+,PhD,Coupled,65324.0,1,544
50+,2n Cycle,Coupled,82347.0,0,1853
35-50,PhD,Coupled,30843.0,2,35
35-50,PhD,Coupled,46374.0,1,446
<35,Graduation,Single,60474.0,1,1180
35-50,Master,Coupled,38576.0,1,41
<35,Graduation,Coupled,55357.0,2,727
35-50,Graduation,Coupled,37758.0,2,40
<35,2n Cycle,Coupled,85710.0,0,1062
35-50,Graduation,Coupled,23228.0,1,40
35-50,Master,Coupled,44602.0,2,292
<35,Graduation,Coupled,7500.0,0,15
<35,2n Cycle,Coupled,38683.0,1,341
35-50,2n Cycle,Single,49514.0,1,369
35-50,PhD,Coupled,57906.0,1,401
35-50,Master,Single,43456.0,1,393
<35,Master,Single,19485.0,2,10
<35,Graduation,Coupled,53172.0,1,486
<35,Graduation,Coupled,30545.0,1,69
<35,PhD,Coupled,70123.0,0,1727
50+,Graduation,Single,62450.0,1,995
35-50,Graduation,Coupled,21675.0,1,45
<35,2n Cycle,Single,42395.0,2,182
<35,Master,Coupled,61346.0,1,989
50+,Graduation,Coupled,80812.0,0,1677
35-50,Master,Single,42835.0,2,595
<35,Graduation,Coupled,39922.0,1,156
50+,Master,Single,86424.0,0,1226
<35,2n Cycle,Coupled,17117.0,1,128
35-50,Graduation,Single,24762.0,1,86
35-50,Graduation,Coupled,35797.0,1,68
35-50,Graduation,Single,36627.0,2,16
<35,2n Cycle,Coupled,51111.0,2,55
35-50,PhD,Single,86857.0,0,2114
35-50,PhD,Coupled,82072.0,0,2018
50+,PhD,Single,46231.0,3,263
50+,Graduation,Coupled,42243.0,2,55
50+,Graduation,Coupled,51195.0,2,564
<35,Master,Single,68092.0,0,1281
35-50,Graduation,Coupled,31814.0,1,83
35-50,Master,Single,51390.0,2,353
<35,Graduation,Coupled,76630.0,0,1003
<35,Basic,Single,26868.0,1,14
50+,PhD,Single,48948.0,0,902
35-50,PhD,Single,55260.0,1,1139
50+,Graduation,Coupled,64090.0,1,797
50+,Graduation,Single,78331.0,1,1638
35-50,PhD,Coupled,37087.0,1,401
<35,Graduation,Single,21846.0,1,84
50+,Graduation,Coupled,81320.0,0,928
35-50,Graduation,Single,54137.0,1,203
35-50,Graduation,Coupled,66825.0,0,858
35-50,Graduation,Coupled,57100.0,0,409
35-50,Graduation,Coupled,58917.0,3,282
35-50,Graduation,Single,85072.0,0,1423
50+,Graduation,Single,86429.0,0,1449
35-50,Graduation,Single,45684.0,1,28
35-50,Graduation,Coupled,47889.0,1,67
<35,PhD,Coupled,45921.0,0,199
35-50,PhD,Single,78420.0,0,1453
<35,Graduation,Coupled,75114.0,0,1253
35-50,PhD,Single,52278.0,1,1198
35-50,Master,Coupled,35641.0,1,178
<35,Graduation,Single,95529.0,0,1990
50+,Graduation,Coupled,62820.0,0,976
50+,Master,Coupled,73113.0,0,1001
<35,PhD,Coupled,84169.0,0,1919
50+,2n Cycle,Single,42607.0,1,350
50+,PhD,Single,74637.0,0,1650
50+,PhD,Coupled,46015.0,2,46
<35,Graduation,Single,72354.0,0,1228
35-50,Master,Single,39858.0,1,95
50+,PhD,Coupled,34469.0,2,62
<35,Graduation,Coupled,83033.0,1,1761
<35,Master,Coupled,24401.0,0,467
35-50,Graduation,Coupled,77583.0,0,1149
<35,2n Cycle,Single,74116.0,0,2052
<35,Graduation,Single,74293.0,0,1127
35-50,PhD,Coupled,68397.0,1,1416
35-50,PhD,Coupled,79632.0,0,1113
<35,Graduation,Single,46107.0,1,125
50+,PhD,Single,64950.0,1,966
<35,Basic,Coupled,25443.0,1,32
50+,Graduation,Single,75127.0,0,833
35-50,PhD,Coupled,32892.0,1,46
35-50,Graduation,Coupled,71796.0,0,960
35-50,PhD,Coupled,67536.0,1,1829
35-50,Graduation,Single,55239.0,1,779
35-50,PhD,Single,60554.0,1,811
50+,2n Cycle,Single,64831.0,2,1120
50+,PhD,Coupled,56067.0,1,725
<35,Graduation,Single,82025.0,0,1187
50+,Graduation,Coupled,94384.0,0,2302
<35,Basic,Single,14906.0,0,66
<35,PhD,Coupled,51563.0,0,1250
<35,2n Cycle,Coupled,57937.0,1,683
<35,Graduation,Single,68274.0,2,305
35-50,Graduation,Coupled,39771.0,1,50
35-50,2n Cycle,Single,67893.0,1,995
<35,PhD,Coupled,27922.0,1,41
35-50,PhD,Coupled,52190.0,2,77
35-50,Master,Single,44051.0,2,171
35-50,PhD,Single,42767.0,2,131
35-50,Master,Coupled,46106.0,2,54
35-50,PhD,Coupled,16927.0,2,53
35-50,Graduation,Coupled,59754.0,1,475
50+,Graduation,Single,53700.0,1,694
35-50,Graduation,Coupled,59041.0,2,96
50+,PhD,Single,54237.0,1,361
35-50,Graduation,Single,70647.0,1,1079
50+,PhD,Single,52597.0,1,578
35-50,Master,Coupled,41021.0,1,64
35-50,PhD,Coupled,40233.0,1,149
<35,Graduation,Coupled,50183.0,2,231
50+,Graduation,Coupled,54753.0,1,728
35-50,Graduation,Coupled,92955.0,0,1778
35-50,Graduation,Coupled,33471.0,1,93
35-50,PhD,Coupled,34596.0,1,23
<35,Graduation,Coupled,44010.0,1,662
<35,Graduation,Coupled,84219.0,0,1198
35-50,PhD,Coupled,40706.0,3,81
<35,2n Cycle,Coupled,15716.0,1,92
50+,2n Cycle,Single,59052.0,1,491
35-50,Master,Coupled,80573.0,0,1564
50+,Graduation,Coupled,83715.0,0,926
50+,Master,Coupled,82576.0,0,1910
35-50,Master,Coupled,56962.0,3,411
50+,Graduation,Coupled,35704.0,2,94
50+,Graduation,Coupled,53103.0,1,1085
50+,2n Cycle,Single,46779.0,2,23
35-50,Graduation,Single,4861.0,0,6
<35,Master,Single,33462.0,1,54
<35,Graduation,Single,63693.0,1,1150
50+,Graduation,Coupled,80763.0,0,1415
35-50,PhD,Coupled,65352.0,1,405
<35,PhD,Coupled,82170.0,0,1908
35-50,Graduation,Coupled,75759.0,0,2486
35-50,2n Cycle,Single,79689.0,0,1315
50+,PhD,Single,35340.0,2,45
50+,Graduation,Single,85683.0,0,1789
35-50,2n Cycle,Coupled,24884.0,1,19
<35,Master,Coupled,42021.0,1,573
<35,Graduation,Single,64449.0,1,805
50+,Graduation,Single,64587.0,2,108
<35,Graduation,Single,34824.0,0,23
<35,Graduation,Coupled,75437.0,0,1493
50+,Graduation,Coupled,26091.0,2,89
35-50,Graduation,Coupled,52845.0,1,936
50+,Graduation,Single,46086.0,1,343
50+,PhD,Single,78028.0,1,528
<35,PhD,Single,95169.0,0,1901
<35,2n Cycle,Coupled,56337.0,2,724
<35,Graduation,Coupled,22434.0,1,58
50+,PhD,Coupled,36930.0,1,297
50+,Graduation,Single,36130.0,1,488
50+,Master,Coupled,65569.0,1,859
50+,Graduation,Coupled,83844.0,0,1574
35-50,Graduation,Coupled,19514.0,2,69
35-50,PhD,Single,36736.0,2,17
<35,Graduation,Coupled,77568.0,1,2194
35-50,PhD,Coupled,49187.0,1,116
<35,Graduation,Single,30168.0,1,279
35-50,Master,Coupled,34053.0,1,103
35-50,Master,Coupled,38196.0,2,44
50+,Master,Coupled,59412.0,0,406
35-50,2n Cycle,Coupled,70924.0,0,1363
35-50,Graduation,Coupled,54165.0,0,236
35-50,Graduation,Coupled,32300.0,1,39
35-50,Graduation,Single,20180.0,0,137
35-50,Graduation,Coupled,34961.0,1,79
35-50,PhD,Coupled,28440.0,1,63
50+,PhD,Coupled,64504.0,3,1314
35-50,Master,Coupled,33564.0,1,71
<35,Graduation,Coupled,17345.0,1,58
35-50,PhD,Coupled,56320.0,1,702
<35,Graduation,Single,28647.0,1,94
<35,Basic,Single,15038.0,1,80
50+,PhD,Single,32173.0,1,22
35-50,2n Cycle,Coupled,68316.0,1,1211
35-50,Graduation,Coupled,74538.0,0,1461
35-50,Graduation,Single,91700.0,0,1968
35-50,Graduation,Coupled,68695.0,0,1091
35-50,2n Cycle,Coupled,31056.0,1,55
35-50,Graduation,Coupled,79593.0,0,1366
<35,Graduation,Single,28071.0,0,313
50+,PhD,Coupled,37334.0,2,62
35-50,Master,Single,46423.0,2,92
35-50,PhD,Coupled,37126.0,1,72
50+,Graduation,Coupled,47703.0,1,655
50+,Graduation,Coupled,61180.0,1,704
50+,Graduation,Coupled,38998.0,2,54
<35,Graduation,Single,8028.0,0,178
50+,Graduation,Coupled,76081.0,0,1033
<35,Graduation,Coupled,34728.0,1,36
35-50,Master,Single,33168.0,1,122
35-50,Master,Coupled,33585.0,1,122
50+,PhD,Coupled,77037.0,1,1123
<35,Graduation,Coupled,35196.0,1,497
35-50,Graduation,Coupled,44529.0,1,691
35-50,2n Cycle,Coupled,70924.0,0,1363
35-50,PhD,Coupled,28764.0,2,12
50+,PhD,Coupled,69098.0,0,2440
35-50,2n Cycle,Single,25959.0,2,56
<35,Master,Coupled,27100.0,1,37
<35,Graduation,Single,70596.0,0,968
35-50,Graduation,Coupled,42557.0,1,270
50+,PhD,Coupled,53312.0,0,278
50+,Graduation,Single,72228.0,0,1250
<35,Graduation,Coupled,67605.0,0,938
50+,Master,Coupled,62845.0,2,1178
50+,Graduation,Coupled,65196.0,2,1155
<35,PhD,Single,42000.0,0,653
35-50,PhD,Single,35860.0,2,49
35-50,PhD,Coupled,65526.0,1,506
50+,Graduation,Coupled,16860.0,2,38
<35,Graduation,Single,83528.0,0,1650
35-50,2n Cycle,Single,64176.0,1,1826
50+,Graduation,Single,22304.0,0,18
35-50,Graduation,Coupled,67023.0,0,906
35-50,PhD,Coupled,32892.0,1,46
35-50,Graduation,Coupled,70713.0,1,1477
50+,Graduation,Coupled,59925.0,1,766
50+,Graduation,Coupled,39722.0,1,47
50+,Graduation,Coupled,46610.0,0,467
50+,Graduation,Coupled,88347.0,0,2116
<35,PhD,Coupled,87171.0,0,1298
35-50,2n Cycle,Coupled,26907.0,2,22
35-50,Master,Single,50014.0,1,396
<35,PhD,Coupled,41014.0,1,20
35-50,Graduation,Single,66294.0,0,967
35-50,Graduation,Coupled,36715.0,1,357
50+,Graduation,Coupled,79456.0,0,1401
<35,Graduation,Coupled,40479.0,1,15
35-50,Master,Single,75345.0,0,2087
35-50,Graduation,Coupled,54233.0,1,981
35-50,Graduation,Single,24163.0,2,17
50+,PhD,Coupled,84460.0,0,523
<35,Graduation,Coupled,43776.0,1,23
50+,PhD,Single,71691.0,0,1192
35-50,PhD,Coupled,85844.0,0,1958
35-50,PhD,Single,39190.0,1,133
50+,Graduation,Coupled,71367.0,0,777
35-50,PhD,Single,38578.0,2,73
35-50,PhD,Coupled,57236.0,2,121
<35,Graduation,Single,61825.0,1,424
50+,Graduation,Single,79803.0,1,868
<35,2n Cycle,Single,80910.0,0,756
<35,Master,Coupled,27590.0,1,12
<35,Graduation,Coupled,56775.0,1,937
35-50,Graduation,Single,83829.0,0,1862
<35,2n Cycle,Coupled,54210.0,1,367
<35,Graduation,Coupled,38508.0,1,443
35-50,Graduation,Coupled,53187.0,1,267
35-50,Graduation,Coupled,30023.0,1,61
50+,PhD,Single,76045.0,0,1323
50+,PhD,Coupled,50870.0,1,63
35-50,2n Cycle,Coupled,15315.0,0,64
35-50,2n Cycle,Coupled,65463.0,1,562
35-50,Graduation,Coupled,66480.0,2,312
50+,Graduation,Single,76773.0,0,1156
<35,2n Cycle,Single,81698.0,0,1104
35-50,PhD,Single,54466.0,2,16
50+,Master,Single,98777.0,0,2008
<35,PhD,Single,16269.0,1,44
35-50,Graduation,Coupled,71819.0,1,1574
<35,PhD,Coupled,33569.0,1,63
<35,Master,Coupled,36262.0,0,426
35-50,Basic,Coupled,22634.0,0,96
<35,2n Cycle,Coupled,47025.0,1,635
35-50,Graduation,Single,70566.0,1,757
<35,PhD,Coupled,31605.0,1,125
35-50,Master,Single,52034.0,2,332
<35,Graduation,Single,48526.0,1,135
50+,Graduation,Coupled,46734.0,1,330
35-50,Graduation,Single,39552.0,2,384
35-50,Graduation,Single,86358.0,2,1722
35-50,Graduation,Coupled,46931.0,3,78
<35,Basic,Single,16581.0,0,24
50+,2n Cycle,Single,63998.0,0,1168
50+,Master,Coupled,67381.0,1,957
35-50,Graduation,Single,25930.0,2,15
35-50,Graduation,Coupled,42693.0,1,57
35-50,Graduation,Coupled,85606.0,1,1956
<35,Graduation,Single,72903.0,0,2013
35-50,2n Cycle,Coupled,49669.0,1,326
35-50,PhD,Coupled,36778.0,2,77
50+,PhD,Single,85696.0,0,1313
<35,Master,Single,10979.0,0,30
50+,Graduation,Coupled,49678.0,1,315
50+,Master,Coupled,56129.0,1,660
<35,Graduation,Coupled,37155.0,1,74
35-50,2n Cycle,Single,21282.0,1,46
50+,PhD,Single,33419.0,1,86
50+,Graduation,Single,63285.0,0,1103
35-50,Master,Coupled,21255.0,1,61
<35,Graduation,Coupled,42162.0,1,145
50+,Graduation,Coupled,54450.0,2,684
50+,PhD,Coupled,57744.0,1,411
<35,Graduation,Single,26576.0,1,27
50+,PhD,Single,57513.0,0,1060
35-50,Graduation,Coupled,68142.0,1,1459
<35,Graduation,Coupled,7500.0,1,18
35-50,Graduation,Coupled,83145.0,0,1833
50+,Master,Coupled,54197.0,1,237
50+,PhD,Single,23091.0,2,48
35-50,Graduation,Coupled,46049.0,2,515
35-50,Graduation,Coupled,56715.0,0,1020
50+,Graduation,Coupled,79410.0,0,1370
50+,Graduation,Coupled,57304.0,1,1026
35-50,Graduation,Coupled,44375.0,1,301
50+,Graduation,Coupled,54450.0,2,684
35-50,Graduation,Coupled,59594.0,1,499
<35,Graduation,Coupled,80685.0,0,1004
35-50,PhD,Coupled,40344.0,1,218
35-50,Graduation,Coupled,62710.0,1,606
35-50,2n Cycle,Coupled,48985.0,1,75
35-50,Graduation,Coupled,35322.0,3,106
50+,Graduation,Coupled,77142.0,0,990
35-50,Graduation,Single,81657.0,0,1097
<35,Basic,Coupled,14421.0,0,16
35-50,2n Cycle,Coupled,20130.0,0,34
<35,PhD,Coupled,74214.0,0,1711
50+,Master,Coupled,66726.0,2,438
<35,Basic,Coupled,23724.0,1,75
50+,Master,Coupled,47353.0,1,225
50+,Master,Coupled,33444.0,2,18
<35,Graduation,Coupled,54386.0,1,470
<35,Graduation,Single,28510.0,2,91
<35,Master,Single,90638.0,0,2525
50+,Graduation,Coupled,48070.0,1,504
50+,Graduation,Coupled,43140.0,1,235
50+,PhD,Single,54959.0,1,1232
50+,Basic,Single,15056.0,2,88
35-50,Graduation,Single,26954.0,1,17
<35,Graduation,Single,22327.0,1,24
35-50,Graduation,Coupled,44393.0,2,60
50+,PhD,Single,62000.0,1,1020
35-50,PhD,Coupled,31497.0,1,155
35-50,2n Cycle,Coupled,45894.0,2,51
35-50,Master,Single,78579.0,0,1812
35-50,Master,Single,67369.0,1,1461
50+,Graduation,Single,58401.0,1,96
50+,Graduation,Single,62307.0,1,160
35-50,Master,Coupled,43641.0,2,139
35-50,Master,Single,63841.0,1,908
35-50,2n Cycle,Coupled,46891.0,1,183
35-50,Master,Coupled,70091.0,1,1161
35-50,PhD,Coupled,78075.0,0,988
50+,2n Cycle,Single,59184.0,1,1072
35-50,Graduation,Coupled,54809.0,2,174
50+,Graduation,Coupled,58113.0,1,758
50+,Master,Coupled,51412.0,1,195
<35,Graduation,Single,15287.0,1,31
50+,Master,Coupled,66636.0,0,1084
50+,Master,Coupled,50965.0,1,685
35-50,PhD,Coupled,84618.0,0,1672
<35,Graduation,Coupled,18351.0,0,43
50+,PhD,Coupled,40451.0,2,49
35-50,Graduation,Coupled,36317.0,1,133
50+,Graduation,Coupled,42213.0,1,363
50+,Graduation,Coupled,65748.0,1,545
35-50,Graduation,Coupled,77044.0,1,1065
35-50,Graduation,Coupled,74918.0,0,2047
35-50,Graduation,Coupled,56721.0,2,296
35-50,Graduation,Single,42160.0,2,140
35-50,Graduation,Single,61559.0,1,530
35-50,PhD,Coupled,33629.0,2,152
<35,PhD,Coupled,68682.0,0,1598
35-50,Graduation,Single,34377.0,1,114
<35,Basic,Single,8940.0,1,101
35-50,Graduation,Coupled,26228.0,1,25
50+,2n Cycle,Single,77297.0,0,789
<35,Graduation,Coupled,40211.0,2,87
50+,PhD,Single,33438.0,2,90
50+,PhD,Coupled,75032.0,1,1215
50+,PhD,Single,61284.0,0,811
<35,Graduation,Coupled,22518.0,1,61
35-50,Master,Coupled,54730.0,1,405
50+,Master,Coupled,38452.0,2,72
35-50,Graduation,Single,44421.0,2,189
<35,PhD,Coupled,38197.0,1,40
35-50,Graduation,Single,41986.0,1,63
<35,Graduation,Coupled,28427.0,1,52
35-50,PhD,Coupled,37395.0,1,39
35-50,Graduation,Coupled,64722.0,1,805
50+,Master,Coupled,55249.0,1,130
35-50,Graduation,Coupled,84906.0,0,1631
<35,Graduation,Coupled,28691.0,1,34
50+,Graduation,Single,44213.0,2,152
<35,Basic,Single,25707.0,1,21
35-50,PhD,Coupled,59062.0,3,71
50+,Graduation,Single,76624.0,1,899
50+,Master,Coupled,66000.0,0,711
<35,PhD,Coupled,27683.0,1,351
35-50,Graduation,Single,1730.0,0,8
<35,Basic,Single,7500.0,1,119
35-50,Graduation,Coupled,40521.0,2,21
35-50,PhD,Coupled,20427.0,1,10
35-50,Graduation,Coupled,65106.0,1,973
35-50,PhD,Coupled,69969.0,0,1536
50+,Graduation,Coupled,67433.0,2,992
35-50,PhD,Coupled,77766.0,1,1529
35-50,Graduation,Coupled,74716.0,1,860
35-50,Graduation,Single,68118.0,1,928
35-50,PhD,Coupled,55158.0,2,418
50+,2n Cycle,Coupled,62972.0,1,587
35-50,Graduation,Coupled,74190.0,1,641
35-50,Graduation,Coupled,39356.0,2,23
35-50,Graduation,Coupled,76653.0,0,2279
35-50,PhD,Single,35860.0,2,49
<35,PhD,Single,90687.0,0,1779
<35,Master,Coupled,73450.0,0,1804
50+,Graduation,Coupled,31454.0,2,48
50+,Graduation,Single,47139.0,2,83
35-50,Graduation,Single,83829.0,0,1862
35-50,PhD,Coupled,53378.0,2,793
35-50,Graduation,Coupled,19656.0,1,84
50+,PhD,Coupled,45579.0,1,183
50+,2n Cycle,Single,85485.0,0,1383
50+,Graduation,Coupled,55956.0,0,999
35-50,Master,Single,64191.0,1,825
35-50,Graduation,Single,38808.0,1,246
35-50,Master,Coupled,57183.0,2,610
35-50,Master,Single,23748.0,1,76
35-50,Graduation,Coupled,66303.0,1,1286
35-50,Master,Coupled,37368.0,1,30
35-50,Graduation,Coupled,40800.0,3,99
<35,Graduation,Single,71847.0,0,1192
35-50,Graduation,Coupled,46149.0,1,362
<35,Graduation,Coupled,78687.0,0,2130
35-50,2n Cycle,Single,49118.0,0,1229
50+,PhD,Coupled,37633.0,2,38
50+,Master,Coupled,39767.0,0,485
50+,Basic,Coupled,26997.0,0,434
35-50,Graduation,Single,33986.0,1,44
35-50,PhD,Coupled,57091.0,1,496
35-50,2n Cycle,Coupled,46831.0,2,78
35-50,Master,Coupled,83151.0,0,2346
35-50,Graduation,Coupled,52531.0,0,794
50+,Graduation,Coupled,15759.0,0,17
35-50,Graduation,Single,22804.0,1,26
35-50,2n Cycle,Coupled,43050.0,1,76
35-50,PhD,Single,42997.0,2,15
50+,PhD,Single,48918.0,2,62
50+,Master,Coupled,60033.0,1,198
<35,PhD,Coupled,34043.0,1,49
35-50,Graduation,Coupled,57811.0,1,802
50+,Graduation,Coupled,78569.0,0,1736
<35,Graduation,Single,7500.0,2,57
35-50,Master,Coupled,157733.0,1,59
50+,Graduation,Coupled,94384.0,0,2302
<35,2n Cycle,Coupled,23148.0,0,37
35-50,Graduation,Single,44267.0,2,310
<35,Graduation,Coupled,71626.0,0,1305
35-50,Graduation,Coupled,60894.0,1,832
35-50,Graduation,Coupled,50200.0,2,401
35-50,PhD,Coupled,81051.0,0,1501
<35,Graduation,Coupled,65169.0,0,1189
35-50,Graduation,Coupled,59868.0,1,1194
50+,PhD,Coupled,65695.0,1,656
50+,Master,Single,64857.0,0,1540
35-50,Master,Coupled,45143.0,1,311
50+,2n Cycle,Coupled,74805.0,1,820
<35,2n Cycle,Coupled,59060.0,1,274
50+,PhD,Single,27238.0,2,57
35-50,Graduation,Coupled,47009.0,1,448
35-50,2n Cycle,Coupled,46094.0,2,44
35-50,Graduation,Coupled,40321.0,2,102
<35,Graduation,Coupled,37235.0,1,61
50+,Master,Coupled,81843.0,0,1643
50+,Master,Coupled,46692.0,1,397
35-50,Graduation,Coupled,77382.0,1,1121
<35,Graduation,Single,37774.0,2,473
35-50,Basic,Coupled,18393.0,1,50
50+,Master,Coupled,72828.0,1,1678
<35,Graduation,Coupled,24711.0,0,58
35-50,PhD,Coupled,45503.0,1,170
<35,Master,Single,6560.0,0,373
50+,PhD,Coupled,71604.0,0,1196
<35,Graduation,Coupled,27244.0,1,101
35-50,Graduation,Coupled,48752.0,2,316
50+,Graduation,Coupled,71434.0,1,1400
50+,Graduation,Single,90842.0,0,1424
<35,Master,Coupled,88097.0,1,844
35-50,Graduation,Coupled,51948.0,1,311
<35,Graduation,Coupled,71853.0,0,1149
<35,Master,Coupled,35876.0,0,129
50+,Graduation,Single,40049.0,1,32
<35,Graduation,Single,39660.0,1,299
50+,Graduation,Coupled,50127.0,1,320
<35,Master,Coupled,43263.0,1,441
50+,Master,Coupled,62845.0,2,1178
<35,Graduation,Coupled,18929.0,0,85
<35,Basic,Single,24367.0,1,24
35-50,Graduation,Single,33249.0,1,112
50+,2n Cycle,Coupled,26887.0,1,30
<35,PhD,Coupled,50150.0,0,410
35-50,Graduation,Coupled,62061.0,1,800
50+,PhD,Single,85696.0,0,1313
50+,PhD,Coupled,76542.0,0,1483
<35,Graduation,Single,70515.0,0,1258
<35,Graduation,Coupled,18227.0,1,28
35-50,Graduation,Coupled,69139.0,1,227
<35,Graduation,Coupled,69109.0,0,1555
50+,Graduation,Single,69627.0,1,861
<35,Graduation,Coupled,38136.0,1,103
50+,PhD,Single,62159.0,0,634
35-50,Graduation,Single,80695.0,0,1918
35-50,Master,Single,33316.0,2,131
35-50,Graduation,Coupled,58554.0,2,586
<35,Basic,Coupled,17256.0,1,62
35-50,Graduation,Single,53034.0,2,447
50+,2n Cycle,Coupled,52203.0,0,939
35-50,2n Cycle,Single,59601.0,1,797
50+,Master,Single,75154.0,1,1143
35-50,Graduation,Single,47025.0,1,415
35-50,Graduation,Coupled,37971.0,1,30
35-50,Master,Single,41335.0,1,187
50+,Graduation,Coupled,67267.0,1,251
35-50,Graduation,Single,57338.0,1,237
50+,2n Cycle,Coupled,50523.0,2,91
35-50,Master,Single,35791.0,3,35
50+,PhD,Single,50611.0,1,493
35-50,PhD,Coupled,56242.0,1,971
50+,Graduation,Single,48904.0,1,371
35-50,Graduation,Single,56243.0,3,396
<35,Graduation,Coupled,21355.0,1,68
35-50,Master,Coupled,57420.0,1,322
50+,Master,Single,46390.0,1,222
50+,2n Cycle,Coupled,54342.0,2,177
35-50,Graduation,Coupled,20895.0,1,45
50+,Graduation,Coupled,92344.0,0,1899
35-50,2n Cycle,Coupled,26907.0,2,22
<35,Graduation,Coupled,44964.0,2,41
<35,Graduation,Coupled,75507.0,0,1440
35-50,Master,Coupled,53761.0,2,325
35-50,Graduation,Coupled,22682.0,1,95
35-50,PhD,Coupled,38887.0,1,42
35-50,2n Cycle,Single,41658.0,2,72
35-50,PhD,Coupled,29791.0,1,20
50+,Master,Coupled,63915.0,2,789
35-50,Graduation,Single,39996.0,2,15
35-50,Graduation,Single,26759.0,1,59
35-50,Master,Single,63841.0,1,908
35-50,PhD,Coupled,51039.0,2,417
50+,Graduation,Coupled,60544.0,2,289
35-50,Graduation,Coupled,65685.0,1,769
50+,Graduation,Coupled,37716.0,1,188
50+,Graduation,Single,36864.0,1,354
35-50,Master,Coupled,44511.0,1,727
35-50,PhD,Coupled,36947.0,2,146
50+,Master,Coupled,47352.0,1,319
50+,Master,Coupled,67087.0,1,794
50+,Graduation,Coupled,57045.0,1,454
50+,PhD,Single,36957.0,2,152
<35,PhD,Coupled,69389.0,1,797
35-50,Graduation,Coupled,80134.0,1,1690
35-50,Master,Coupled,43142.0,2,20
50+,Graduation,Coupled,80589.0,0,1428
<35,Graduation,Single,34412.0,1,209
<35,Graduation,Single,57537.0,1,545
35-50,Basic,Coupled,22634.0,0,96
50+,Graduation,Coupled,51315.0,0,222
35-50,Graduation,Coupled,36026.0,3,61
35-50,Graduation,Coupled,24639.0,2,44
35-50,PhD,Coupled,34578.0,3,8
35-50,2n Cycle,Single,65704.0,0,817
35-50,Graduation,Single,63810.0,1,1371
35-50,PhD,Coupled,54132.0,1,42
50+,Graduation,Coupled,18690.0,0,60
35-50,Graduation,Coupled,28164.0,1,78
35-50,PhD,Coupled,34596.0,1,23
35-50,PhD,Coupled,43269.0,1,19
50+,2n Cycle,Single,38741.0,2,61
35-50,Graduation,Single,31907.0,0,449
<35,Master,Coupled,27100.0,1,37
35-50,2n Cycle,Single,31163.0,1,38
<35,Graduation,Coupled,92533.0,0,1131
35-50,Graduation,Single,34853.0,2,34
35-50,Graduation,Single,70844.0,2,294
<35,2n Cycle,Coupled,31086.0,2,48
50+,Graduation,Coupled,60544.0,2,289
<35,2n Cycle,Coupled,20491.0,0,30
35-50,Graduation,Coupled,42523.0,0,125
<35,Graduation,Coupled,39922.0,1,156
50+,Graduation,Coupled,33402.0,2,70
50+,Master,Coupled,36408.0,2,22
<35,Graduation,Coupled,21645.0,1,65
50+,Master,Single,78427.0,0,1930
50+,Graduation,Coupled,82657.0,0,2283
50+,Graduation,Coupled,51876.0,0,310
35-50,2n Cycle,Coupled,78041.0,0,1319
50+,Graduation,Coupled,52852.0,1,879
<35,PhD,Coupled,70038.0,0,1244
35-50,2n Cycle,Coupled,69401.0,1,690
35-50,Graduation,Coupled,46053.0,1,209
35-50,Graduation,Coupled,77343.0,0,1134
50+,Graduation,Single,73892.0,0,1507
35-50,PhD,Single,40304.0,1,57
35-50,PhD,Coupled,32727.0,0,529
35-50,Graduation,Coupled,68695.0,0,1091
35-50,Graduation,Single,43300.0,1,180
35-50,Graduation,Coupled,26290.0,2,77
35-50,Graduation,Single,93790.0,0,2349
35-50,PhD,Coupled,38410.0,0,534
50+,Master,Single,64866.0,1,556
50+,Graduation,Coupled,57957.0,1,637
50+,PhD,Coupled,46015.0,2,46
35-50,Graduation,Coupled,16531.0,1,44
<35,Master,Coupled,28072.0,1,47
35-50,Master,Single,49476.0,1,795
50+,Graduation,Coupled,50725.0,1,586
50+,Graduation,Coupled,83844.0,0,1574
50+,PhD,Coupled,41145.0,2,13
35-50,Graduation,Coupled,67419.0,1,1471
35-50,2n Cycle,Coupled,23162.0,2,65
35-50,Graduation,Coupled,34380.0,1,175
35-50,Graduation,Single,34704.0,1,40
35-50,PhD,Coupled,94871.0,2,1078
50+,Graduation,Coupled,65148.0,1,1115
50+,Graduation,Coupled,39898.0,1,134
50+,Master,Single,64857.0,0,1540
35-50,PhD,Coupled,59892.0,1,87
<35,Master,Single,41020.0,0,217
50+,PhD,Coupled,57072.0,1,1034
<35,Graduation,Single,60474.0,1,1180
50+,Graduation,Coupled,62807.0,1,819
<35,2n Cycle,Coupled,19414.0,1,32
<35,Graduation,Coupled,19107.0,1,46
35-50,2n Cycle,Coupled,75484.0,1,1159
35-50,Master,Single,70379.0,1,860
35-50,Master,Coupled,79419.0,0,1631
50+,PhD,Coupled,64014.0,3,444
50+,Graduation,Coupled,76998.0,1,1910
35-50,Master,Coupled,49854.0,1,380
35-50,PhD,Coupled,60585.0,2,736
50+,PhD,Single,42873.0,2,269
<35,Graduation,Coupled,87679.0,0,2524
<35,Graduation,Coupled,57867.0,1,612
<35,Graduation,Coupled,35765.0,1,75
50+,Graduation,Coupled,65492.0,0,1045
35-50,Graduation,Single,32952.0,1,55
35-50,PhD,Coupled,53374.0,1,1064
50+,Graduation,Coupled,71706.0,1,1443
<35,Graduation,Coupled,68487.0,0,1366
35-50,Master,Coupled,53253.0,2,436
35-50,2n Cycle,Single,31163.0,1,38
<35,Graduation,Coupled,42014.0,1,436
35-50,Master,Coupled,54108.0,2,747
50+,PhD,Single,49667.0,0,1396
35-50,Master,Coupled,63206.0,0,928
35-50,Master,Coupled,57136.0,2,642
35-50,2n Cycle,Coupled,46772.0,1,1048
35-50,PhD,Coupled,78931.0,0,943
50+,Graduation,Coupled,53977.0,1,907
<35,Graduation,Coupled,84219.0,0,1198
35-50,Master,Single,46098.0,2,120
35-50,Graduation,Coupled,73538.0,1,1658
<35,Graduation,Coupled,79529.0,0,1638
35-50,2n Cycle,Coupled,20981.0,0,73
<35,Graduation,Single,51766.0,1,275
35-50,Graduation,Coupled,55759.0,1,854
<35,Graduation,Coupled,33039.0,1,78
35-50,Master,Coupled,37787.0,1,106
35-50,Graduation,Single,27242.0,1,106
<35,PhD,Single,87188.0,0,1923
35-50,Graduation,Coupled,69930.0,0,1662
35-50,Graduation,Single,37697.0,1,84
35-50,PhD,Coupled,37401.0,1,48
35-50,Graduation,Single,3502.0,1,5
35-50,Graduation,Coupled,58597.0,2,733
50+,PhD,Single,82032.0,0,1234
50+,Graduation,Coupled,28087.0,2,112
<35,PhD,Single,74004.0,0,1658
50+,Graduation,Coupled,19740.0,1,55
35-50,2n Cycle,Coupled,57036.0,1,1513
50+,2n Cycle,Coupled,53083.0,2,271
35-50,PhD,Coupled,69283.0,1,904
35-50,Master,Single,46098.0,2,120
<35,2n Cycle,Coupled,23331.0,1,103
<35,2n Cycle,Single,23331.0,1,269
<35,Graduation,Single,9255.0,1,22
50+,PhD,Single,67786.0,0,1156
35-50,PhD,Coupled,71969.0,1,1086
35-50,Master,Single,59235.0,1,1128
<35,Graduation,Coupled,31928.0,1,72
50+,Master,Coupled,74881.0,2,964
<35,Graduation,Coupled,65819.0,0,1383
50+,PhD,Single,51411.0,3,18
35-50,Graduation,Single,51983.0,1,793
<35,Master,Coupled,42386.0,1,100
<35,2n Cycle,Coupled,30390.0,0,80
35-50,Graduation,Single,30983.0,0,167
50+,Graduation,Single,66033.0,1,677
35-50,2n Cycle,Coupled,37284.0,2,23
50+,Master,Single,57530.0,1,92
35-50,2n Cycle,Coupled,76800.0,0,641
50+,Graduation,Coupled,63943.0,1,1106
50+,Graduation,Coupled,76081.0,0,1033
35-50,Graduation,Coupled,67445.0,1,1174
35-50,Master,Coupled,37054.0,2,25
35-50,Master,Coupled,47175.0,2,240
35-50,Graduation,Single,31859.0,1,20
50+,Graduation,Single,27215.0,3,102
35-50,PhD,Single,70179.0,1,1034
<35,Graduation,Coupled,39922.0,1,156
35-50,Master,Coupled,49681.0,2,458
<35,Graduation,Coupled,24645.0,1,17
50+,Graduation,Single,79865.0,1,792
<35,Graduation,Coupled,44322.0,1,92
50+,Graduation,Single,47958.0,1,407
35-50,Master,Single,63972.0,1,1269
50+,Graduation,Coupled,75315.0,1,841
50+,PhD,Coupled,55517.0,2,633
50+,PhD,Coupled,75283.0,3,1019
50+,PhD,Single,82800.0,0,1315
50+,Graduation,Coupled,38998.0,2,54
<35,Master,Single,90638.0,0,2525
<35,Master,Coupled,27161.0,1,52
<35,Graduation,Coupled,42014.0,1,436
50+,PhD,Coupled,38201.0,1,268
<35,Graduation,Coupled,45203.0,2,147
50+,PhD,Coupled,81574.0,0,1798
<35,Graduation,Coupled,34935.0,0,137
35-50,Master,Single,60482.0,1,507
50+,Graduation,Coupled,34633.0,3,15
50+,Master,Coupled,78093.0,0,1105
50+,Graduation,Single,82460.0,0,974
35-50,Master,Coupled,45903.0,1,66
<35,Graduation,Single,81361.0,0,778
35-50,PhD,Single,35860.0,2,49
50+,Master,Coupled,40442.0,2,169
35-50,Graduation,Coupled,61482.0,0,299
<35,Graduation,Coupled,34968.0,1,221
<35,Graduation,Coupled,75794.0,0,1682
35-50,PhD,Coupled,31497.0,1,155
50+,Graduation,Coupled,74268.0,0,892
<35,Basic,Coupled,13724.0,1,58
35-50,Master,Coupled,45143.0,1,311
35-50,PhD,Single,52569.0,1,95
35-50,PhD,Single,48432.0,1,424
50+,Master,Coupled,17144.0,2,47
<35,Graduation,Single,36108.0,1,339
35-50,Graduation,Coupled,76445.0,1,1410
35-50,PhD,Coupled,36663.0,1,35
35-50,Master,Coupled,53843.0,1,562
50+,Master,Coupled,90226.0,0,2352
50+,Master,Single,70638.0,0,1334
50+,Graduation,Coupled,44512.0,2,32
50+,Graduation,Coupled,27116.0,2,41
35-50,PhD,Coupled,54072.0,2,39
35-50,Graduation,Coupled,71855.0,1,1141
<35,2n Cycle,Single,51250.0,1,710
35-50,Master,Coupled,60432.0,1,401
35-50,PhD,Coupled,65526.0,1,506
<35,Graduation,Single,68655.0,0,1538
<35,2n Cycle,Coupled,12393.0,0,57
<35,Graduation,Single,64509.0,0,1722
35-50,Graduation,Single,33955.0,1,270
35-50,Graduation,Coupled,31353.0,2,31
<35,Graduation,Coupled,55434.0,1,882
<35,Graduation,Coupled,28359.0,1,16
<35,Graduation,Single,57100.0,1,311
35-50,Graduation,Coupled,69139.0,1,227
50+,Master,Coupled,52973.0,1,1152
35-50,PhD,Coupled,51717.0,1,122
35-50,Graduation,Coupled,18793.0,1,77
<35,2n Cycle,Coupled,66664.0,0,1289
50+,Graduation,Single,50664.0,2,561
35-50,Graduation,Coupled,54414.0,2,211
50+,PhD,Coupled,54549.0,1,233
35-50,PhD,Single,47111.0,1,1092
35-50,PhD,Single,41003.0,0,601
<35,Graduation,Coupled,19444.0,1,54
35-50,2n Cycle,Coupled,36301.0,1,78
50+,PhD,Coupled,73059.0,1,1095
35-50,PhD,Coupled,42731.0,1,244
50+,PhD,Coupled,52854.0,2,116
<35,Graduation,Coupled,22775.0,1,15
50+,PhD,Coupled,46681.0,2,425
50+,PhD,Coupled,59821.0,1,734
50+,Graduation,Single,50002.0,1,638
50+,Graduation,Coupled,69755.0,0,894
35-50,Graduation,Coupled,44078.0,2,41
35-50,Master,Coupled,30560.0,1,31
35-50,Master,Coupled,35924.0,2,34
35-50,PhD,Single,64140.0,2,1750
<35,Graduation,Coupled,56386.0,2,612
<35,Basic,Coupled,24594.0,1,29
<35,2n Cycle,Coupled,75774.0,1,823
50+,Master,Single,39228.0,0,20
35-50,Master,Coupled,58494.0,1,396
<35,Graduation,Single,58684.0,0,813
35-50,Graduation,Single,57136.0,0,1179
50+,PhD,Single,56551.0,2,138
<35,Graduation,Coupled,22448.0,1,55
50+,Graduation,Single,82014.0,0,1511
35-50,Graduation,Single,34213.0,2,117
35-50,Graduation,Coupled,157146.0,0,1730
50+,PhD,Single,25358.0,1,32
35-50,Master,Single,35544.0,1,67
50+,Master,Coupled,36634.0,1,335
50+,PhD,Coupled,62670.0,1,825
35-50,2n Cycle,Coupled,50334.0,1,694
<35,Graduation,Single,72066.0,0,1792
50+,PhD,Single,50729.0,2,496
35-50,Graduation,Coupled,34916.0,2,231
35-50,Graduation,Single,64892.0,1,902
35-50,Graduation,Single,43602.0,2,68
<35,PhD,Single,33996.0,0,71
<35,2n Cycle,Single,41473.0,1,76
35-50,PhD,Coupled,63246.0,2,772
50+,PhD,Coupled,36732.0,2,47
35-50,PhD,Coupled,69084.0,1,1586
35-50,PhD,Coupled,77766.0,1,1529
<35,PhD,Single,37929.0,0,265
50+,Graduation,Coupled,86610.0,0,1603
<35,Master,Coupled,80141.0,0,2091
50+,2n Cycle,Coupled,72635.0,0,981
35-50,Graduation,Coupled,69016.0,1,1533
<35,2n Cycle,Coupled,20193.0,0,82
35-50,Graduation,Coupled,27573.0,1,244
<35,Basic,Single,15862.0,1,36
35-50,PhD,Coupled,49544.0,1,404
<35,Graduation,Coupled,33228.0,1,71
<35,Graduation,Coupled,70440.0,0,1572
35-50,Graduation,Coupled,38232.0,2,122
50+,PhD,Coupled,22554.0,2,41
<35,PhD,Coupled,23536.0,1,10
50+,Graduation,Coupled,49413.0,1,304
35-50,Graduation,Coupled,42231.0,2,37
<35,Master,Single,78789.0,0,1754
35-50,Graduation,Coupled,56534.0,1,815
35-50,Graduation,Single,58350.0,1,1001
<35,Graduation,Single,81217.0,0,1157
50+,Graduation,Single,49090.0,1,688
<35,Master,Single,61787.0,0,1319
<35,PhD,Coupled,18169.0,1,21
<35,2n Cycle,Single,24336.0,1,31
<35,Graduation,Coupled,18222.0,0,67
50+,Graduation,Single,62335.0,1,708
35-50,2n Cycle,Coupled,42033.0,2,25
<35,PhD,Coupled,86580.0,0,746
50+,PhD,Single,41437.0,2,32
50+,Master,Single,73705.0,2,1695
35-50,Graduation,Coupled,61064.0,1,1080
50+,Master,Coupled,38452.0,2,72
<35,Graduation,Single,18358.0,1,57
35-50,PhD,Coupled,55012.0,1,660
35-50,Basic,Coupled,9722.0,1,103
<35,PhD,Coupled,38175.0,1,153
50+,Master,Coupled,58656.0,1,1220
35-50,Graduation,Coupled,52117.0,1,279
35-50,Graduation,Coupled,64813.0,1,745
35-50,PhD,Coupled,54222.0,1,264
<35,Graduation,Coupled,83512.0,0,2157
50+,Master,Coupled,77520.0,1,1526
<35,Graduation,Coupled,41154.0,1,69
35-50,Graduation,Coupled,80398.0,0,1597
<35,Basic,Single,18746.0,1,64
<35,Graduation,Coupled,35196.0,1,497
50+,Graduation,Single,60230.0,1,1067
35-50,Graduation,Coupled,22108.0,2,31
35-50,Graduation,Coupled,44392.0,2,211
35-50,PhD,Coupled,55424.0,1,877
<35,Graduation,Coupled,17688.0,1,11
<35,PhD,Coupled,92491.0,0,2034
<35,Graduation,Single,90273.0,0,1991
50+,PhD,Single,82571.0,0,1686
<35,PhD,Single,38513.0,1,324
<35,Master,Single,16653.0,1,69
50+,Graduation,Coupled,42586.0,2,252
35-50,Basic,Single,23529.0,1,54
50+,Master,Coupled,74881.0,2,964
50+,Graduation,Coupled,71107.0,1,1327
35-50,PhD,Coupled,46910.0,2,68
50+,Graduation,Coupled,18690.0,0,60
50+,Graduation,Single,37244.0,2,55
35-50,Graduation,Coupled,82427.0,0,1456
50+,2n Cycle,Single,75342.0,1,563
50+,Graduation,Single,70044.0,1,1504
35-50,Graduation,Single,79146.0,2,564
35-50,Graduation,Coupled,77437.0,0,1125
50+,Graduation,Coupled,54984.0,1,358
35-50,PhD,Coupled,42403.0,1,42
35-50,Graduation,Coupled,55761.0,1,184
<35,Graduation,Coupled,37292.0,1,460
50+,PhD,Single,45576.0,0,145
50+,Graduation,Coupled,70321.0,0,1376
35-50,PhD,Single,58086.0,1,792
50+,Graduation,Coupled,81795.0,0,1382
50+,Basic,Coupled,28389.0,0,28
50+,Master,Coupled,66835.0,0,1033
35-50,Graduation,Single,69901.0,1,882
50+,PhD,Coupled,80360.0,0,2231
50+,PhD,Coupled,63342.0,1,1101
35-50,Graduation,Coupled,44989.0,1,369
<35,2n Cycle,Single,31859.0,1,48
50+,PhD,Single,51569.0,1,467
35-50,Graduation,Single,30372.0,2,44
<35,Basic,Single,16014.0,2,38
35-50,Graduation,Coupled,41120.0,2,81
35-50,Master,Single,39763.0,1,167
50+,PhD,Coupled,38725.0,2,45
35-50,Graduation,Coupled,77981.0,1,664
35-50,2n Cycle,Coupled,62905.0,1,622
<35,2n Cycle,Single,13533.0,1,48
35-50,Graduation,Coupled,59481.0,1,461
35-50,Graduation,Coupled,72117.0,1,1073
<35,2n Cycle,Coupled,21955.0,1,55
50+,Graduation,Coupled,67131.0,1,976
<35,PhD,Single,36802.0,1,20
<35,Graduation,Coupled,71853.0,0,1149
50+,Basic,Coupled,28249.0,0,43
35-50,Master,Coupled,47808.0,1,224
35-50,PhD,Single,25509.0,1,101
50+,PhD,Coupled,51012.0,0,209
<35,Graduation,Single,70596.0,0,968
50+,PhD,Coupled,85431.0,0,1165
35-50,Graduation,Coupled,42664.0,1,24
50+,Graduation,Coupled,42586.0,2,252
<35,Graduation,Single,29760.0,1,165
<35,PhD,Coupled,28973.0,0,269
35-50,PhD,Coupled,39435.0,1,102
<35,2n Cycle,Coupled,65370.0,0,461
<35,Basic,Single,20194.0,1,47
35-50,PhD,Single,42473.0,2,144
35-50,Graduation,Coupled,64590.0,0,1338
50+,Graduation,Coupled,71232.0,1,917
35-50,Graduation,Coupled,34600.0,2,318
35-50,Graduation,Single,46904.0,2,253
35-50,Graduation,Coupled,49094.0,1,502
<35,Graduation,Coupled,36075.0,1,119
<35,2n Cycle,Coupled,60839.0,2,1250
<35,Graduation,Coupled,77298.0,1,969
50+,Graduation,Coupled,34026.0,2,76
50+,PhD,Single,48918.0,2,62
50+,2n Cycle,Coupled,82122.0,0,1382
35-50,Graduation,Single,37697.0,1,84
50+,Graduation,Coupled,34074.0,2,255
50+,Master,Coupled,28520.0,2,43
50+,Graduation,Single,62535.0,1,398
35-50,Master,Single,36273.0,1,76
35-50,Graduation,Coupled,63404.0,2,902
<35,2n Cycle,Coupled,75774.0,1,823
35-50,Graduation,Coupled,78416.0,1,1179
35-50,Graduation,Coupled,75702.0,1,1921
50+,Master,Coupled,59385.0,2,185
35-50,Graduation,Single,37070.0,2,433
50+,Graduation,Coupled,44689.0,2,34
50+,Graduation,Coupled,53977.0,1,907
35-50,PhD,Single,7144.0,2,416
35-50,Graduation,Single,18701.0,2,44
50+,Graduation,Coupled,90369.0,0,1588
35-50,PhD,Single,63159.0,0,1797
35-50,Graduation,Coupled,37758.0,2,40
35-50,PhD,Single,46757.0,1,1143
35-50,Master,Coupled,79734.0,0,914
<35,Graduation,Coupled,63207.0,0,1502
50+,Graduation,Single,72071.0,1,1338
<35,PhD,Coupled,21840.0,1,27
<35,2n Cycle,Coupled,58582.0,1,763
50+,Graduation,Single,72282.0,0,1331
50+,Graduation,Coupled,50387.0,2,525
50+,PhD,Coupled,32583.0,2,9
50+,Graduation,Coupled,62568.0,1,953
35-50,Master,Single,44635.0,2,68
35-50,Master,Single,33316.0,2,131
35-50,Graduation,Coupled,63967.0,1,882
<35,2n Cycle,Coupled,52513.0,0,1149
35-50,Graduation,Coupled,25293.0,1,37
35-50,PhD,Single,54111.0,1,388
<35,Graduation,Coupled,78394.0,0,1428
50+,Master,Coupled,80739.0,0,1633
35-50,Master,Coupled,22669.0,1,173
<35,Graduation,Single,29236.0,1,99
50+,Graduation,Coupled,44911.0,1,215
50+,PhD,Coupled,54693.0,1,929
35-50,Graduation,Coupled,48186.0,1,219
35-50,Graduation,Coupled,54809.0,2,174
<35,Graduation,Coupled,41580.0,2,92
35-50,PhD,Coupled,80336.0,0,1052
50+,Graduation,Coupled,47743.0,1,275
50+,2n Cycle,Coupled,62972.0,1,587
50+,PhD,Single,57333.0,1,1662
<35,PhD,Coupled,32313.0,1,159
50+,Master,Single,84953.0,0,1024
35-50,Master,Single,27071.0,1,35
50+,Master,Coupled,68148.0,0,1042
35-50,Master,Coupled,65735.0,2,395
35-50,PhD,Coupled,86836.0,0,557
50+,PhD,Coupled,4023.0,2,9
<35,Graduation,Coupled,30093.0,0,69
35-50,PhD,Coupled,57705.0,1,486
<35,Graduation,Single,25008.0,1,34
<35,2n Cycle,Single,83257.0,0,1365
35-50,Graduation,Coupled,22280.0,1,13
<35,PhD,Coupled,72159.0,0,1401
50+,Graduation,Coupled,64260.0,0,1574
<35,PhD,Single,82733.0,0,1323
35-50,Master,Single,74290.0,1,1217
50+,Master,Single,58217.0,3,103
35-50,Master,Coupled,21024.0,0,84
35-50,PhD,Coupled,70116.0,0,1536
<35,Graduation,Coupled,54006.0,1,581
35-50,PhD,Coupled,69063.0,1,928
35-50,2n Cycle,Single,11448.0,0,14
<35,Graduation,Single,61825.0,1,424
35-50,Graduation,Coupled,70886.0,1,960
<35,Graduation,Coupled,69109.0,0,1555
35-50,Graduation,Single,60208.0,2,656
35-50,Master,Coupled,32889.0,2,55
<35,Graduation,Single,34738.0,1,20
35-50,Master,Coupled,30538.0,1,367
35-50,2n Cycle,Coupled,82326.0,0,2257
35-50,PhD,Single,26642.0,1,42
35-50,Graduation,Single,69932.0,1,1049
35-50,Graduation,Single,44503.0,2,48
50+,PhD,Single,60200.0,1,685
50+,Graduation,Single,49638.0,1,39
<35,2n Cycle,Single,23830.0,0,43
50+,Master,Single,33051.0,0,835
50+,Graduation,Coupled,72905.0,0,1515
50+,PhD,Coupled,69702.0,1,1039
35-50,Graduation,Single,70300.0,1,1596
<35,PhD,Coupled,70643.0,0,1828
35-50,PhD,Coupled,30396.0,1,34
35-50,PhD,Single,50616.0,1,149
35-50,Master,Single,62772.0,1,946
<35,PhD,Single,30298.0,0,28
<35,Graduation,Single,52413.0,1,450
50+,PhD,Coupled,44155.0,2,46
35-50,PhD,Single,86979.0,0,1702
35-50,Graduation,Coupled,76532.0,2,820
<35,Graduation,Coupled,42081.0,1,382
<35,PhD,Coupled,67546.0,0,2126
<35,Master,Coupled,88420.0,0,2069
<35,Graduation,Coupled,31158.0,1,72
35-50,Graduation,Single,61671.0,1,732
35-50,Graduation,Single,69719.0,0,801
50+,Graduation,Single,49160.0,1,236
<35,Basic,Coupled,24882.0,1,80
50+,PhD,Single,90933.0,0,1685
50+,PhD,Single,113734.0,0,277
50+,PhD,Coupled,59292.0,1,507
35-50,PhD,Coupled,45759.0,2,68
<35,Graduation,Single,22148.0,0,49
<35,Master,Coupled,73395.0,0,397
35-50,Graduation,Single,29819.0,1,39
35-50,Graduation,Coupled,45688.0,1,306
50+,Graduation,Coupled,62820.0,0,976
35-50,PhD,Coupled,60491.0,1,1028
<35,Graduation,Coupled,33235.0,1,70
50+,Graduation,Coupled,35701.0,0,46
<35,Master,Coupled,31535.0,1,51
50+,2n Cycle,Coupled,92556.0,0,1263
35-50,Graduation,Single,67384.0,1,1490
35-50,Master,Coupled,80573.0,0,1564
35-50,Graduation,Coupled,77870.0,1,1815
35-50,PhD,Single,52278.0,1,1198
35-50,Graduation,Single,57107.0,1,416
<35,Graduation,Coupled,18929.0,0,85
<35,PhD,Single,36038.0,1,47
35-50,Graduation,Single,20180.0,0,137
35-50,PhD,Coupled,34230.0,2,21
35-50,2n Cycle,Single,31878.0,1,70
35-50,2n Cycle,Coupled,70932.0,1,909
50+,Graduation,Single,91249.0,0,1676
50+,Master,Single,77598.0,0,1735
50+,Graduation,Single,80982.0,2,1191
35-50,Master,Coupled,22701.0,1,24
35-50,PhD,Coupled,55212.0,1,1182
35-50,Graduation,Coupled,70617.0,0,1280
50+,Graduation,Single,64849.0,0,1336
35-50,Master,Coupled,62694.0,2,749
35-50,PhD,Coupled,61917.0,2,91
50+,PhD,Coupled,67472.0,1,414
<35,Master,Coupled,21059.0,1,44
35-50,Master,Coupled,29543.0,2,63
50+,Graduation,Coupled,75903.0,1,901
35-50,2n Cycle,Coupled,34984.0,2,38
50+,PhD,Single,54998.0,1,455
50+,PhD,Single,54356.0,1,775
50+,Master,Coupled,34242.0,1,15
35-50,Graduation,Coupled,25410.0,1,38
<35,PhD,Coupled,73356.0,0,1512
50+,Graduation,Coupled,28320.0,1,43
<35,Graduation,Single,23763.0,1,42
<35,Graduation,Coupled,72570.0,0,1089
35-50,Master,Coupled,34529.0,1,162
50+,Graduation,Single,70792.0,0,1272
<35,Graduation,Coupled,63211.0,0,1173
35-50,Master,Coupled,83891.0,1,816
35-50,Graduation,Single,36065.0,2,74
50+,Graduation,Coupled,39898.0,1,134
50+,PhD,Single,51141.0,0,157
35-50,Graduation,Coupled,56939.0,1,561
50+,Graduation,Single,80872.0,0,1336
35-50,PhD,Coupled,72335.0,0,2092
35-50,PhD,Single,61798.0,0,463
50+,PhD,Single,76842.0,0,1130
35-50,Graduation,Coupled,29478.0,1,20
50+,Graduation,Single,46998.0,1,377
<35,Graduation,Single,96843.0,0,1544
50+,PhD,Single,56551.0,2,138
35-50,Master,Coupled,70053.0,1,1012
50+,PhD,Single,71670.0,0,1766
35-50,Graduation,Coupled,44359.0,2,45
50+,Graduation,Single,40887.0,2,161
35-50,Graduation,Single,48877.0,1,144
50+,Graduation,Coupled,74485.0,0,1734
35-50,Graduation,Coupled,64474.0,1,823
50+,Graduation,Coupled,77226.0,1,1138
50+,Graduation,Single,72643.0,0,1429
35-50,Master,Coupled,85738.0,0,1371
35-50,Graduation,Single,55686.0,1,982
<35,Graduation,Single,39062.0,1,44
35-50,Graduation,Coupled,34600.0,2,318
35-50,Graduation,Coupled,40794.0,1,434
35-50,2n Cycle,Coupled,54690.0,2,198
35-50,Graduation,Coupled,4428.0,1,359
35-50,2n Cycle,Coupled,32632.0,0,576
35-50,PhD,Single,38236.0,2,88
<35,Graduation,Coupled,36781.0,1,63
<35,Master,Single,31385.0,1,27
<35,Graduation,Coupled,24570.0,1,193
35-50,PhD,Single,25509.0,1,101
50+,Graduation,Coupled,94642.0,0,2211
50+,Master,Coupled,58646.0,1,140
35-50,Graduation,Single,53201.0,2,415
50+,Graduation,Coupled,21994.0,1,22
<35,Graduation,Coupled,57113.0,2,263
<35,Graduation,Coupled,51373.0,0,393
<35,Graduation,Coupled,23477.0,1,147
50+,Graduation,Coupled,58116.0,1,443
35-50,PhD,Single,72968.0,0,1958
35-50,Master,Coupled,39791.0,1,174
50+,Master,Single,91712.0,0,2217
50+,Graduation,Single,94472.0,1,1691
50+,Graduation,Coupled,13672.0,2,25
<35,2n Cycle,Coupled,96547.0,0,809
35-50,Graduation,Coupled,79205.0,0,895
35-50,PhD,Coupled,56559.0,1,484
35-50,PhD,Coupled,32644.0,1,413
<35,2n Cycle,Single,67506.0,1,331
35-50,Graduation,Single,24206.0,1,25
35-50,PhD,Single,28420.0,1,13
35-50,Graduation,Coupled,22979.0,1,115
35-50,Graduation,Single,33279.0,0,16
35-50,Master,Single,46423.0,2,92
35-50,Graduation,Coupled,30368.0,1,52
35-50,Graduation,Coupled,63684.0,1,1464
35-50,Graduation,Single,41638.0,1,441
50+,PhD,Single,68805.0,1,283
35-50,PhD,Coupled,65814.0,1,747
50+,Graduation,Single,71964.0,0,1870
<35,Graduation,Single,39146.0,1,165
35-50,Graduation,Coupled,96876.0,0,1941
<35,Basic,Coupled,34445.0,0,839
50+,Graduation,Single,68281.0,0,1655
35-50,2n Cycle,Coupled,37284.0,2,23
<35,Graduation,Coupled,36790.0,0,66
35-50,Graduation,Coupled,27943.0,2,37
50+,Graduation,Single,22263.0,2,21
35-50,Graduation,Coupled,30261.0,3,22
35-50,Graduation,Coupled,28587.0,1,78
<35,Master,Coupled,43815.0,1,79
50+,Graduation,Coupled,48195.0,2,265
50+,Master,Coupled,77027.0,1,1175
35-50,PhD,Coupled,71322.0,1,1305
<35,Master,Coupled,32765.0,1,46
35-50,Graduation,Coupled,29672.0,2,25
50+,Graduation,Single,23272.0,0,46
50+,Master,Coupled,49912.0,1,874
<35,2n Cycle,Coupled,7500.0,1,100
50+,PhD,Single,68117.0,1,930
50+,Graduation,Coupled,67225.0,1,868
35-50,Graduation,Coupled,17649.0,1,45
35-50,Graduation,Coupled,55914.0,1,1260
<35,Graduation,Coupled,40059.0,1,414
50+,Graduation,Coupled,60905.0,1,392
<35,Graduation,Coupled,75330.0,2,1109
50+,Graduation,Single,60689.0,1,639
<35,Graduation,Coupled,38680.0,1,79
<35,Graduation,Coupled,61416.0,0,1665
<35,Graduation,Single,49767.0,0,692
35-50,Graduation,Single,83273.0,3,1392
<35,Graduation,Coupled,29009.0,1,44
<35,Master,Coupled,45057.0,1,50
35-50,Graduation,Coupled,37150.0,1,467
35-50,Graduation,Single,43020.0,1,223
50+,Graduation,Coupled,53154.0,1,158
35-50,Graduation,Coupled,65308.0,0,1211
35-50,Graduation,Single,76467.0,1,1575
50+,2n Cycle,Coupled,81044.0,0,1208
50+,Graduation,Coupled,32871.0,2,43
35-50,Graduation,Single,55801.0,2,527
50+,Graduation,Single,76320.0,1,932
50+,Master,Single,36927.0,2,71
50+,Graduation,Coupled,48794.0,2,54
35-50,Graduation,Single,23478.0,0,129
35-50,Graduation,Single,71128.0,1,1615
35-50,PhD,Single,70179.0,1,1034
50+,Graduation,Coupled,59462.0,1,1088
35-50,Graduation,Coupled,38361.0,1,137
<35,PhD,Coupled,70038.0,0,1244
<35,Graduation,Coupled,42554.0,2,41
35-50,Graduation,Coupled,67445.0,1,1174
50+,Graduation,Single,67046.0,1,993
50+,Graduation,Coupled,42192.0,0,100
50+,PhD,Coupled,77610.0,1,1680
<35,Graduation,Coupled,31761.0,1,98
<35,Graduation,Coupled,34350.0,1,48
50+,Graduation,Coupled,54591.0,1,519
50+,Graduation,Coupled,71866.0,1,715
35-50,Graduation,Coupled,25293.0,1,37
<35,PhD,Single,42000.0,0,653
<35,Graduation,Coupled,69520.0,0,1455
35-50,Graduation,Single,64713.0,1,602
35-50,Master,Coupled,27889.0,1,26
50+,Basic,Single,22123.0,0,102
35-50,Graduation,Coupled,27803.0,1,176
50+,Graduation,Coupled,51651.0,1,433
<35,Graduation,Coupled,68487.0,0,1366
35-50,Graduation,Coupled,56796.0,1,1001
<35,2n Cycle,Coupled,87000.0,0,961
50+,Graduation,Coupled,79823.0,1,1518
<35,Graduation,Single,30828.0,1,56
35-50,Master,Coupled,34109.0,1,22
35-50,Master,Single,53367.0,2,400
35-50,Basic,Coupled,22390.0,0,26
35-50,Graduation,Coupled,71322.0,1,350
<35,Graduation,Single,79244.0,0,1216
50+,Master,Coupled,49912.0,1,874
50+,PhD,Coupled,48699.0,2,40
35-50,Graduation,Coupled,80144.0,0,1367
50+,Graduation,Single,54252.0,2,264
35-50,Master,Coupled,81929.0,1,2053
35-50,Graduation,Coupled,76068.0,1,1376
35-50,Master,Coupled,53204.0,2,45
50+,PhD,Coupled,67911.0,1,976
<35,2n Cycle,Coupled,14796.0,1,51
35-50,PhD,Coupled,78128.0,1,1264
35-50,Basic,Coupled,14188.0,0,75
<35,Basic,Coupled,20425.0,1,57
50+,Master,Coupled,58646.0,1,140
35-50,Graduation,Single,72967.0,1,497
50+,Master,Coupled,48150.0,1,266
50+,Graduation,Single,82332.0,0,2006
50+,Graduation,Single,58275.0,2,615
<35,PhD,Coupled,44953.0,0,1021
50+,Graduation,Coupled,34587.0,2,22
35-50,Master,Coupled,43018.0,1,133
50+,Master,Coupled,45736.0,1,437
35-50,Master,Coupled,66476.0,1,1013
<35,2n Cycle,Coupled,27733.0,1,57
50+,PhD,Coupled,69805.0,1,1038
50+,Master,Single,72217.0,0,1573
35-50,Graduation,Single,25818.0,1,28
35-50,Master,Coupled,37509.0,1,123
35-50,2n Cycle,Coupled,25176.0,2,13
<35,Graduation,Coupled,43586.0,1,132
50+,2n Cycle,Coupled,53230.0,1,732
50+,Graduation,Coupled,50116.0,2,66
35-50,Graduation,Coupled,84906.0,0,1631
35-50,Graduation,Coupled,61286.0,1,608
<35,PhD,Coupled,82333.0,0,1822
35-50,PhD,Coupled,65220.0,0,1282
35-50,Graduation,Coupled,33590.0,3,8
35-50,Graduation,Single,30992.0,1,43
35-50,Master,Single,72309.0,0,1931
50+,PhD,Coupled,156924.0,0,8
<35,Basic,Coupled,16005.0,1,103
50+,Master,Single,65487.0,0,1169
35-50,Graduation,Coupled,58692.0,1,395
35-50,Graduation,Single,40590.0,2,258
35-50,Graduation,Single,20587.0,1,25
50+,Master,Single,62637.0,1,185
35-50,Master,Single,29435.0,2,180
35-50,Graduation,Single,19346.0,1,22
35-50,Graduation,Coupled,35788.0,2,44
35-50,Graduation,Single,36997.0,2,94
50+,Graduation,Coupled,23539.0,0,81
35-50,Graduation,Single,65333.0,1,798
50+,Graduation,Single,78499.0,0,1334
35-50,PhD,Coupled,29732.0,1,38
50+,Master,Coupled,41275.0,3,61
35-50,PhD,Coupled,63516.0,2,300
50+,PhD,Coupled,42769.0,1,88
50+,Master,Coupled,49572.0,2,54
35-50,Graduation,Coupled,69209.0,0,1782
35-50,Graduation,Coupled,17148.0,1,68
35-50,Graduation,Single,40590.0,2,258
35-50,Master,Coupled,30560.0,1,31
<35,2n Cycle,Coupled,32146.0,1,66
35-50,2n Cycle,Single,41713.0,2,174
35-50,Master,Coupled,34176.0,1,28
50+,PhD,Coupled,58482.0,1,731
35-50,Graduation,Single,59686.0,1,274
35-50,PhD,Coupled,60896.0,1,1701
<35,Graduation,Coupled,62994.0,1,312
50+,Graduation,Coupled,47320.0,1,414
50+,2n Cycle,Single,74859.0,0,1565
<35,Basic,Single,15253.0,1,29
35-50,PhD,Single,31560.0,1,94
50+,Graduation,Single,72071.0,1,1338
<35,Master,Single,91172.0,0,1092
<35,Graduation,Coupled,90000.0,0,1479
<35,Graduation,Single,41967.0,2,54
35-50,Graduation,Single,69263.0,1,568
35-50,2n Cycle,Single,65706.0,0,1199
35-50,Graduation,Coupled,60934.0,1,873
50+,Graduation,Coupled,71965.0,1,1213
50+,Graduation,Coupled,65210.0,1,731
35-50,PhD,Coupled,79174.0,0,2043
35-50,Master,Single,81380.0,0,1893
35-50,PhD,Single,48432.0,1,424
35-50,Graduation,Coupled,52914.0,1,575
50+,Graduation,Coupled,38946.0,1,257
35-50,Graduation,Coupled,26067.0,1,56
35-50,PhD,Coupled,44325.0,1,542
35-50,Graduation,Coupled,42523.0,0,125
<35,Basic,Single,26487.0,1,69
50+,2n Cycle,Coupled,53233.0,1,40
50+,Graduation,Coupled,67716.0,1,1016
35-50,Master,Coupled,76234.0,1,907
50+,PhD,Coupled,84117.0,0,1566
50+,Master,Coupled,65487.0,0,1169
35-50,Basic,Coupled,25224.0,1,46
<35,Master,Single,89616.0,0,1644
35-50,Graduation,Single,40851.0,2,59
50+,Graduation,Coupled,27469.0,0,17
50+,2n Cycle,Coupled,82347.0,0,1853
50+,Graduation,Coupled,73803.0,1,1528
50+,Master,Single,8820.0,2,35
35-50,Graduation,Single,43322.0,0,141
35-50,Graduation,Coupled,55593.0,1,546
50+,Graduation,Coupled,50501.0,2,500
35-50,Graduation,Coupled,37085.0,2,61
<35,Basic,Single,16185.0,1,106
35-50,Graduation,Single,57731.0,1,704
35-50,PhD,Single,48432.0,1,424
<35,Graduation,Coupled,73807.0,1,849
<35,Graduation,Coupled,18929.0,0,85
35-50,Graduation,Single,35893.0,2,199
<35,Graduation,Coupled,61014.0,1,1147
50+,Graduation,Coupled,32144.0,2,54
35-50,Basic,Coupled,14918.0,1,43
35-50,Graduation,Single,45146.0,2,53
50+,2n Cycle,Single,41769.0,1,521
<35,Graduation,Coupled,88325.0,0,1623
50+,Master,Single,38054.0,2,45
<35,2n Cycle,Single,80617.0,0,1435
35-50,Graduation,Coupled,5305.0,1,32
50+,Graduation,Coupled,36807.0,2,16
<35,Graduation,Coupled,28427.0,1,52
50+,PhD,Single,82032.0,0,1234
<35,Graduation,Coupled,22775.0,1,15
<35,Master,Coupled,40101.0,1,415
<35,Graduation,Coupled,58025.0,1,470
<35,Master,Single,75777.0,0,1438
<35,2n Cycle,Coupled,7500.0,1,53
50+,Master,Coupled,33562.0,3,51
35-50,PhD,Single,57642.0,1,679
35-50,Graduation,Coupled,58554.0,2,586
<35,Graduation,Coupled,63777.0,2,653
50+,Graduation,Single,57967.0,1,468
35-50,Graduation,Coupled,24434.0,2,50
<35,Graduation,Single,11012.0,1,84
35-50,Master,Single,44802.0,0,1049
<35,Graduation,Single,26816.0,0,22
35-50,Graduation,Coupled,34421.0,1,30
35-50,Graduation,Coupled,61223.0,1,1341
50+,PhD,Coupled,64014.0,3,444
<35,Graduation,Single,56981.0,0,1241
50+,Master,Coupled,69245.0,1,843
50+,PhD,Coupled,52869.0,2,172
